u,g,r,i,z,u-g,g-r,r-i,i-z,Class
20.397579999999998,19.546429999999997,19.26374,19.21096,19.189120000000003,0.85115,0.28269,0.052779999999999994,0.021840000000000002,1.0
21.91467,19.334310000000002,18.21017,17.7677,17.55789,2.5803599999999998,1.12414,0.44247000000000003,0.20981,3.0
20.36645,19.45693,19.22081,19.1204,18.99675,0.9095200000000001,0.23611999999999997,0.10041,0.12365,1.0
20.02848,19.10472,18.894389999999998,18.79162,18.778010000000002,0.92376,0.21033000000000002,0.10277,0.013609999999999997,1.0
19.20139,17.74576,17.1688,16.80489,16.63232,1.45563,0.57696,0.36391,0.17257,3.0
20.98986,20.15917,19.71305,19.52422,19.48769,0.8306899999999999,0.44611999999999996,0.18883,0.03653,1.0
20.924329999999998,20.090139999999998,19.79146,19.56193,19.7524,0.83419,0.29868,0.22953,-0.19047,1.0
16.00134,14.33627,13.360560000000001,13.04228,13.198260000000001,1.66507,0.9757100000000001,0.31828,-0.15597999999999998,3.0
20.71797,19.84771,19.54562,19.35564,22.828110000000002,0.87026,0.30209,0.18997999999999998,-3.472469999999999,1.0
17.6459,16.29618,15.8165,15.67704,15.5954,1.34972,0.47968,0.13946,0.08164,3.0
18.97105,17.91349,17.49836,17.35872,17.29448,1.05756,0.41513,0.13964000000000001,0.06423999999999999,2.0
20.02078,19.09447,18.83889,18.75141,18.84221,0.9263100000000001,0.25558000000000003,0.08748,-0.09079999999999999,1.0
18.45241,16.815179999999998,16.185570000000002,15.95561,15.8269,1.63723,0.62961,0.22996,0.12871,3.0
22.75236,19.605529999999998,18.24306,17.08141,16.469170000000002,3.1468300000000005,1.36247,1.16165,0.6122399999999999,3.0
19.31446,18.28275,17.974220000000003,17.88664,17.89248,1.0317100000000001,0.30853,0.08757999999999999,-0.005839999999999998,2.0
17.12411,15.64006,15.136610000000001,15.0047,14.94914,1.48405,0.50345,0.13191,0.055560000000000005,3.0
16.18958,14.971179999999999,14.85165,14.84361,14.81034,1.2184,0.11953,0.008040000000000005,0.03327,4.0
15.64877,14.65252,14.55741,14.229000000000001,13.339089999999999,0.99625,0.09510999999999997,0.32841,0.88991,4.0
19.23016,18.3024,18.00498,17.90059,17.92182,0.92776,0.29741999999999996,0.10439000000000001,-0.02123,2.0
19.5516,18.16915,17.67501,17.51766,17.46631,1.38245,0.49413999999999997,0.15735,0.05135,3.0
19.860689999999998,18.92849,18.71424,18.6445,18.69504,0.9322,0.21425,0.06974,-0.05054,1.0
20.11109,19.156779999999998,18.8796,18.79799,18.86124,0.95431,0.27718000000000004,0.08161,-0.06325,1.0
16.823339999999998,16.36074,16.67595,16.95703,17.18259,0.4626,-0.31520999999999993,-0.28108,-0.22555999999999998,4.0
20.979470000000003,23.350170000000002,19.81709,22.49563,19.934279999999998,-2.3706999999999994,3.5330800000000004,-2.6785400000000004,2.56135,3.0
17.9658,16.8994,16.51492,16.4039,16.37949,1.0664,0.38448000000000004,0.11102000000000001,0.024409999999999998,3.0
21.01829,19.90415,19.60219,19.5186,19.64724,1.11414,0.30196,0.08359,-0.12864,1.0
20.503770000000003,19.50831,19.09131,19.03989,19.04683,0.99546,0.41700000000000004,0.05142000000000001,-0.006940000000000009,1.0
18.51099,17.3408,16.99619,20.32621,16.81014,1.17019,0.34460999999999997,-3.3300199999999998,3.5160699999999996,3.0
19.98946,18.986520000000002,18.73187,18.66716,18.67735,1.00294,0.25465,0.06471,-0.010190000000000012,1.0
19.684620000000002,18.78899,18.57039,18.50928,18.51809,0.8956299999999999,0.2186,0.061110000000000005,-0.008809999999999998,1.0
21.188470000000002,20.30361,19.94095,19.853720000000003,19.82406,0.8848600000000001,0.36266,0.08723,0.029660000000000002,1.0
19.30285,18.36347,18.1099,18.023770000000003,18.04146,0.9393799999999999,0.25356999999999996,0.08613,-0.017689999999999997,1.0
19.91078,18.93274,18.69221,18.6192,18.63404,0.9780399999999999,0.24053000000000002,0.07301,-0.014840000000000006,1.0
16.42908,14.98056,14.36546,14.109729999999999,13.94392,1.44852,0.6151,0.25573,0.16581,3.0
21.734,22.27515,16.68424,16.35644,16.17051,-0.54115,5.59091,0.3278,0.18592999999999998,3.0
20.67697,19.740489999999998,19.47271,19.41292,19.3881,0.93648,0.26778,0.059789999999999996,0.02482,1.0
20.823,19.876910000000002,19.63608,19.51772,19.41439,0.94609,0.24083000000000002,0.11835999999999999,0.10332999999999999,1.0
15.81645,14.456010000000001,13.893770000000002,15.400870000000001,13.496939999999999,1.3604399999999999,0.56224,-1.5071,1.90393,3.0
20.57923,19.77891,19.51485,19.37666,19.578229999999998,0.80032,0.26406,0.13819,-0.20156999999999997,1.0
20.99277,20.22573,19.87828,19.75645,19.829060000000002,0.7670399999999999,0.34745,0.12183,-0.07261000000000002,1.0
20.37804,19.52563,19.245060000000002,19.16662,19.08295,0.85241,0.28057,0.07844,0.08367000000000001,1.0
19.7988,18.84604,18.651229999999998,18.53211,18.58924,0.95276,0.19480999999999998,0.11912,-0.057129999999999986,1.0
20.48665,19.64091,19.36022,19.2747,19.2429,0.8457399999999999,0.28069,0.08552,0.0318,1.0
20.96453,19.971339999999998,19.69821,19.57674,19.61564,0.99319,0.27313000000000004,0.12147000000000001,-0.03889999999999999,1.0
19.69675,18.78142,18.5691,18.47139,18.635939999999998,0.91533,0.21232,0.09771,-0.16455,1.0
22.29332,19.62914,18.36466,17.86184,17.551270000000002,2.66418,1.2644799999999998,0.5028199999999999,0.31056999999999996,3.0
20.73218,19.89247,19.612000000000002,19.51471,19.49421,0.8397100000000001,0.28047,0.09729,0.0205,1.0
20.9168,20.1558,19.84694,19.71162,19.70287,0.7609999999999999,0.30885999999999997,0.13532,0.00875,1.0
19.8098,18.91777,18.63399,18.52219,18.5552,0.8920299999999999,0.28378000000000003,0.1118,-0.03301000000000001,1.0
20.529410000000002,19.71988,19.45609,19.3616,19.43309,0.80953,0.26379,0.09449,-0.07149,1.0
20.15989,19.2269,19.01681,18.9169,18.94998,0.93299,0.21009,0.09991,-0.03308,1.0
20.67545,19.88842,19.63212,19.490029999999997,19.68074,0.78703,0.2563,0.14209000000000002,-0.19071,1.0
21.13719,20.24716,19.94989,19.7908,19.80548,0.8900299999999999,0.29727,0.15909,-0.014679999999999999,1.0
19.30026,18.35699,18.14092,18.02225,18.07062,0.94327,0.21606999999999998,0.11867,-0.048369999999999996,1.0
19.044710000000002,18.03659,17.68771,17.50631,17.47111,1.0081200000000001,0.34888,0.1814,0.0352,2.0
20.35485,19.44576,19.131079999999997,18.99061,18.95397,0.90909,0.31468,0.14047,0.03664,1.0
20.30886,19.47114,19.283179999999998,19.244,19.23483,0.83772,0.18796,0.03917999999999999,0.009169999999999998,1.0
23.55578,20.822689999999998,19.40193,18.5766,18.140539999999998,2.7330900000000002,1.42076,0.8253299999999999,0.43606000000000006,1.0
19.39154,17.394679999999997,16.68659,16.46785,16.3627,1.9968599999999999,0.70809,0.21874,0.10515,3.0
18.86015,17.35129,16.861639999999998,16.69104,16.62568,1.50886,0.48965,0.1706,0.06536,3.0
22.87546,20.33306,19.03152,18.4173,18.02662,2.5424,1.30154,0.61422,0.39068,1.0
20.43703,17.64675,16.31321,15.71083,15.38819,2.79028,1.33354,0.60238,0.32264,3.0
21.3758,17.91817,17.51932,17.33501,17.32764,3.457630000000001,0.39885,0.18431,0.0073700000000000015,3.0
17.270960000000002,16.23418,15.73269,15.497129999999999,15.38136,1.03678,0.50149,0.23556,0.11577,3.0
20.5653,19.59918,19.36298,19.238879999999998,19.22457,0.9661200000000001,0.2362,0.1241,0.014310000000000003,1.0
20.64572,19.68879,19.49354,19.34818,19.37645,0.95693,0.19525,0.14536,-0.028270000000000003,1.0
18.19256,17.04559,16.5945,16.38431,16.25851,1.14697,0.45109,0.21019000000000002,0.1258,3.0
21.12078,20.22553,19.87342,19.77664,19.75067,0.89525,0.35211,0.09677999999999999,0.02597,1.0
16.340310000000002,15.10271,15.13189,15.1731,15.20096,1.2376,-0.029179999999999984,-0.04121,-0.027859999999999996,4.0
22.48829,20.32713,18.95531,17.81464,17.18229,2.1611599999999997,1.37182,1.14067,0.63235,1.0
20.906999999999996,20.150129999999997,19.84212,19.76145,19.64181,0.7568699999999999,0.30801,0.08067,0.11964000000000001,1.0
20.211370000000002,18.43918,17.85722,17.64367,17.554170000000003,1.7721900000000002,0.58196,0.21355,0.0895,3.0
21.17667,20.16986,19.86143,19.72864,19.74626,1.00681,0.30843000000000004,0.13279000000000002,-0.017619999999999997,1.0
20.59405,19.71102,19.438579999999998,19.37368,19.44056,0.88303,0.27244,0.0649,-0.06688,1.0
21.28473,20.04159,19.78312,19.68058,19.725620000000003,1.24314,0.25847,0.10254,-0.04504,1.0
22.19195,17.951060000000002,16.837429999999998,16.40556,16.17703,4.24089,1.11363,0.43187000000000003,0.22853,3.0
19.01611,17.96351,17.599429999999998,17.4279,17.41108,1.0526,0.36408,0.17153,0.01682,2.0
16.54,15.166970000000001,14.594489999999999,14.311929999999998,14.17399,1.37303,0.57248,0.28256,0.13794,3.0
19.959429999999998,19.24643,19.02821,18.93929,19.04205,0.713,0.21821999999999997,0.08892,-0.10275999999999999,1.0
23.4167,18.50329,17.1642,16.59101,16.261770000000002,4.91341,1.33909,0.57319,0.32924000000000003,3.0
19.15241,18.08737,17.75733,17.614729999999998,17.57761,1.06504,0.33004,0.1426,0.03712,2.0
18.65452,17.54545,17.09881,16.90587,16.87469,1.10907,0.44664,0.19294,0.031180000000000003,3.0
21.332729999999998,20.28603,19.84553,19.730539999999998,19.65519,1.0467,0.4405,0.11499000000000001,0.07535,1.0
19.1685,18.20169,17.90128,17.77133,17.768629999999998,0.9668100000000001,0.30041,0.12995,0.002700000000000008,2.0
21.06896,20.293689999999998,19.95928,19.79479,19.78039,0.77527,0.33441,0.16449,0.014399999999999996,1.0
19.91696,19.0639,18.79699,18.67011,18.67409,0.85306,0.26691,0.12688,-0.003979999999999997,1.0
20.7793,18.19284,16.77719,16.02792,15.634279999999999,2.5864599999999998,1.41565,0.74927,0.39364,3.0
22.881,20.34199,19.132089999999998,18.67282,18.407420000000002,2.5390099999999998,1.2099,0.45926999999999996,0.2654,1.0
19.773239999999998,18.85857,18.630760000000002,18.565520000000003,18.550629999999998,0.9146700000000001,0.22780999999999998,0.06523999999999999,0.01489,1.0
20.16369,19.29455,19.00507,18.908739999999998,18.85193,0.8691399999999999,0.28948,0.09633,0.05681,1.0
17.682560000000002,16.534689999999998,16.05443,15.82204,15.71119,1.1478700000000002,0.48026,0.23239,0.11085,3.0
20.376839999999998,19.37303,18.995829999999998,18.65295,18.479210000000002,1.00381,0.3772,0.34288,0.17374,1.0
20.678729999999998,19.8602,19.60024,19.47039,19.4868,0.81853,0.25995999999999997,0.12985,-0.016410000000000008,1.0
21.5458,20.18443,19.64575,19.47741,19.33237,1.36137,0.53868,0.16834000000000002,0.14504,1.0
20.30811,19.44342,19.20985,19.25678,19.075129999999998,0.86469,0.23356999999999997,-0.04693,0.18165,1.0
19.70277,18.751839999999998,18.547079999999998,18.46627,18.44492,0.9509299999999999,0.20476,0.08081,0.02135,1.0
20.9985,20.10091,19.8253,19.64175,19.583820000000003,0.89759,0.27560999999999997,0.18355,0.057929999999999995,1.0
19.315260000000002,18.36006,18.115370000000002,18.00314,18.02003,0.9552,0.24469000000000002,0.11223,-0.016890000000000002,1.0
20.334970000000002,19.466910000000002,19.241870000000002,19.06161,19.21446,0.86806,0.22504000000000002,0.18026,-0.15285,1.0
20.95584,20.04073,19.78097,19.63985,19.65691,0.9151100000000001,0.25976,0.14112,-0.017059999999999992,1.0
19.99154,19.06868,18.854470000000003,18.78422,18.735970000000002,0.92286,0.21420999999999998,0.07025,0.04825,1.0
20.688760000000002,19.840889999999998,19.58696,19.47658,19.444979999999997,0.8478700000000001,0.25393000000000004,0.11037999999999999,0.0316,1.0
21.10524,20.12991,19.823320000000002,19.70911,19.80641,0.9753299999999999,0.30659000000000003,0.11420999999999999,-0.0973,1.0
21.221610000000002,20.25505,19.94676,19.796039999999998,19.83561,0.9665600000000001,0.30829,0.15072,-0.039569999999999994,1.0
20.10335,19.18018,18.91403,18.855079999999997,18.945829999999997,0.92317,0.26615,0.05895,-0.09075,1.0
18.82997,17.80787,17.36731,17.199920000000002,17.13353,1.0221,0.44056000000000006,0.16739,0.06639,3.0
21.6898,20.28614,19.85064,19.73049,20.01649,1.4036600000000001,0.4355,0.12015,-0.28600000000000003,1.0
19.168110000000002,18.22341,17.93725,17.8302,17.81702,0.9447,0.28615999999999997,0.10705,0.013179999999999997,2.0
19.166710000000002,18.09802,17.71021,17.593,17.55121,1.06869,0.38781,0.11721,0.04179,2.0
22.90062,20.933670000000003,19.45864,18.96705,18.64334,1.96695,1.4750299999999998,0.49158999999999997,0.32371,1.0
20.478089999999998,18.58848,17.87529,17.66219,17.56166,1.8896099999999998,0.71319,0.2131,0.10052999999999998,3.0
20.71622,19.958779999999997,19.63084,19.57979,19.5682,0.75744,0.32794,0.05105,0.011590000000000003,1.0
19.8508,18.93825,18.70869,18.62548,18.68805,0.91255,0.22956,0.08321,-0.06257000000000001,1.0
19.82095,18.847160000000002,18.63426,18.58253,18.63213,0.9737899999999999,0.2129,0.05173,-0.049600000000000005,1.0
21.62108,20.27345,19.82254,19.71635,19.59369,1.3476299999999999,0.45091000000000003,0.10619,0.12265999999999999,1.0
18.980520000000002,17.935779999999998,17.56394,17.36194,17.29119,1.04474,0.37184,0.20199999999999999,0.07075,2.0
20.965510000000002,20.032729999999997,19.72692,19.5801,19.5215,0.9327799999999999,0.30580999999999997,0.14682,0.0586,1.0
19.441470000000002,18.57178,18.36421,18.28305,18.26214,0.86969,0.20756999999999998,0.08116,0.020909999999999995,1.0
20.834529999999997,19.882189999999998,19.61965,19.46752,19.42229,0.95234,0.26254,0.15213,0.04523,1.0
17.232689999999998,16.13269,15.79745,15.66991,15.662379999999999,1.1,0.33524,0.12754000000000001,0.007530000000000002,3.0
18.48033,17.40977,16.96961,16.75891,16.66781,1.07056,0.44016000000000005,0.2107,0.0911,3.0
20.7994,19.909670000000002,19.66893,19.50959,19.51441,0.8897299999999999,0.24074,0.15934,-0.004819999999999991,1.0
20.15896,19.41214,19.18625,19.07178,19.0997,0.7468199999999999,0.22589,0.11447,-0.02792,1.0
19.13974,17.50446,16.901310000000002,16.67136,16.590510000000002,1.6352799999999998,0.60315,0.22995,0.08085,3.0
23.56885,21.21756,19.82747,19.33505,19.03521,2.35129,1.39009,0.49241999999999997,0.29984,1.0
18.503529999999998,17.42817,16.941760000000002,16.7706,16.70109,1.07536,0.48641,0.17115999999999998,0.06951,3.0
19.180120000000002,18.25431,17.96808,17.90928,17.93194,0.92581,0.28623000000000004,0.0588,-0.02266,2.0
21.34711,18.89379,17.83386,17.520329999999998,17.35605,2.45332,1.0599299999999998,0.31353000000000003,0.16427999999999998,3.0
18.577579999999998,17.50091,17.029,16.863220000000002,16.77018,1.07667,0.47191000000000005,0.16577999999999998,0.09304000000000001,3.0
17.73043,16.56932,16.066979999999997,15.86425,15.76446,1.16111,0.50234,0.20273,0.09979000000000002,3.0
18.998739999999998,17.96588,17.52048,17.366,17.32149,1.0328600000000001,0.4454,0.15448,0.04451,2.0
17.86671,16.71069,16.214760000000002,16.02197,15.92126,1.15602,0.49593000000000004,0.19279000000000002,0.10071000000000001,3.0
19.508860000000002,18.60683,18.289070000000002,18.2123,18.2875,0.9020299999999999,0.31776,0.07677,-0.07519999999999999,1.0
21.05932,19.89104,19.55865,19.47705,19.59321,1.16828,0.33239,0.0816,-0.11615999999999999,1.0
20.48769,19.36216,19.073970000000003,19.02169,18.97478,1.12553,0.28819,0.05227999999999999,0.04691,1.0
16.43146,14.46086,13.716070000000002,14.7511,13.352770000000001,1.9706,0.74479,-1.03503,1.3983299999999996,3.0
19.55359,17.63935,16.9424,16.733320000000003,16.62696,1.9142400000000002,0.69695,0.20908000000000002,0.10636,3.0
20.9745,19.970979999999997,19.66957,19.58665,19.58454,1.00352,0.30141,0.08292000000000001,0.0021100000000000008,1.0
24.634610000000002,21.34608,19.85023,18.91333,18.372410000000002,3.2885300000000006,1.49585,0.9369,0.54092,1.0
17.34388,15.47805,15.757539999999999,15.864770000000002,16.99991,1.8658299999999999,-0.27948999999999996,-0.10722999999999999,-1.13514,4.0
21.00665,20.07275,19.7268,19.6125,19.49171,0.9339,0.34595,0.1143,0.12079000000000001,1.0
20.986079999999998,20.18994,19.89486,19.76715,19.572329999999997,0.79614,0.29508,0.12771,0.19482,1.0
18.32565,17.268320000000003,16.80759,16.58951,16.47759,1.0573299999999999,0.46073000000000003,0.21808000000000002,0.11192,3.0
19.94493,19.05876,18.83318,18.7342,18.67106,0.8861700000000001,0.22558000000000003,0.09898,0.06314,1.0
19.229779999999998,18.34617,18.102729999999998,18.080270000000002,17.95903,0.88361,0.24344000000000002,0.022460000000000008,0.12124000000000001,1.0
20.06684,19.203689999999998,18.97327,18.869670000000003,18.94753,0.86315,0.23041999999999999,0.1036,-0.07785999999999998,1.0
19.67742,18.6856,18.47162,18.36366,18.35538,0.99182,0.21398000000000003,0.10795999999999999,0.008279999999999996,1.0
19.79231,18.92821,18.682489999999998,18.50301,18.62483,0.8641,0.24572,0.17948,-0.12181999999999998,1.0
22.03024,19.42389,18.29626,17.85194,17.6341,2.60635,1.12763,0.44432,0.21784,3.0
20.9142,20.085910000000002,19.798389999999998,19.6399,19.708370000000002,0.82829,0.28752,0.15849000000000002,-0.06847,1.0
15.58221,13.992020000000002,13.2943,13.16032,13.4573,1.59019,0.69772,0.13398,-0.29698,3.0
19.64305,18.72643,18.52873,18.576060000000002,18.40392,0.9166200000000001,0.1977,-0.04733000000000001,0.17214000000000002,1.0
23.40824,21.10578,19.80511,18.62493,17.9766,2.30246,1.30067,1.18018,0.6483300000000001,1.0
20.77424,19.83569,19.57619,19.499489999999998,19.48794,0.93855,0.2595,0.0767,0.011549999999999998,1.0
21.23583,19.23003,18.30076,17.8801,17.66505,2.0058,0.92927,0.42066000000000003,0.21505,3.0
22.79964,20.71448,19.62487,19.17129,18.81853,2.0851599999999997,1.08961,0.45358000000000004,0.35276,1.0
20.24062,19.376720000000002,19.16563,19.05665,19.0198,0.8639,0.21109,0.10898,0.03685,1.0
21.210910000000002,20.30442,19.99415,19.83651,19.84539,0.90649,0.31027,0.15764,-0.008879999999999999,1.0
20.909110000000002,20.034029999999998,19.71892,19.66522,19.65887,0.87508,0.31511,0.0537,0.0063499999999999945,1.0
20.94497,19.97619,19.73838,19.563,19.616120000000002,0.96878,0.23781,0.17538,-0.05312,1.0
20.96859,20.07816,19.80578,19.64019,19.7055,0.8904299999999999,0.27238,0.16559000000000001,-0.06531000000000002,1.0
19.66945,18.76867,18.54956,18.47578,18.4191,0.9007799999999999,0.21911,0.07378,0.056679999999999994,1.0
19.19481,18.28537,18.05451,17.846770000000003,17.91624,0.9094399999999999,0.23085999999999998,0.20774,-0.06947,1.0
20.798779999999997,19.881520000000002,19.63874,19.570710000000002,19.4768,0.9172600000000001,0.24278000000000002,0.06803,0.09391000000000001,1.0
20.80535,19.9911,19.73643,19.60351,19.63525,0.81425,0.25467,0.13292,-0.03173999999999999,1.0
19.81756,18.86433,18.66076,18.57425,18.55015,0.9532299999999999,0.20357000000000003,0.08651,0.0241,1.0
20.23659,19.35855,19.17594,19.04911,19.03055,0.8780399999999999,0.18261,0.12683,0.01856,1.0
20.95543,20.051029999999997,19.80702,19.74118,19.67928,0.9044,0.24401,0.06584,0.0619,1.0
20.07762,19.17403,18.965,18.88896,18.816,0.90359,0.20903000000000002,0.07604,0.07296,1.0
20.48171,19.62579,19.3828,19.28415,19.272129999999997,0.8559200000000001,0.24299,0.09865,0.012020000000000003,1.0
21.27877,20.2181,19.92063,19.78066,19.88128,1.06067,0.29746999999999996,0.13997,-0.10061999999999999,1.0
21.8443,19.606679999999997,18.36104,17.86915,17.60623,2.23762,1.2456399999999999,0.49188999999999994,0.26291999999999993,3.0
20.54616,19.04167,18.509970000000003,18.302329999999998,18.261210000000002,1.5044899999999999,0.5317,0.20764000000000002,0.04112,1.0
20.96344,20.20701,19.9134,19.78974,19.69855,0.75643,0.29361,0.12365999999999999,0.09119,1.0
21.1069,20.21036,19.92148,19.81008,19.78647,0.89654,0.28888,0.1114,0.02361,1.0
20.407610000000002,19.66129,19.34991,19.28049,19.29479,0.74632,0.31138000000000005,0.06942000000000001,-0.014300000000000007,1.0
20.49142,19.495260000000002,19.226210000000002,19.16421,19.1751,0.99616,0.26905,0.062,-0.01088999999999999,1.0
20.885089999999998,19.91195,19.636229999999998,19.55774,19.4985,0.97314,0.27571999999999997,0.07849,0.05924,1.0
20.64544,19.69079,19.4313,19.36815,19.43284,0.95465,0.25949,0.06315,-0.06469,1.0
19.87255,18.881520000000002,18.63245,18.60739,18.61731,0.99103,0.24906999999999999,0.02506,-0.009919999999999998,1.0
22.01594,20.41139,19.77136,19.534679999999998,19.41752,1.60455,0.64003,0.23668000000000003,0.11715999999999999,1.0
20.0216,19.22372,18.90109,18.80165,18.86018,0.79788,0.32263000000000003,0.09944,-0.05853000000000001,1.0
20.60139,19.70189,19.42915,19.322779999999998,19.3251,0.8995,0.27274,0.10637,-0.0023199999999999957,1.0
19.37793,18.427670000000003,18.24176,18.225089999999998,18.16546,0.95026,0.18591,0.016669999999999977,0.059629999999999996,1.0
20.83704,19.81706,19.365920000000003,19.19708,19.17604,1.0199799999999999,0.45114,0.16884000000000002,0.02104,1.0
19.65403,18.78528,18.57733,18.5004,18.559829999999998,0.86875,0.20795,0.07693,-0.05943,1.0
21.27528,18.632620000000003,17.49761,17.07541,16.86007,2.64266,1.13501,0.4222,0.21534,3.0
21.97052,19.41777,18.32878,17.89076,17.66368,2.55275,1.08899,0.43801999999999996,0.22708000000000003,3.0
19.57496,18.5798,18.47907,18.49655,18.55256,0.99516,0.10072999999999999,-0.017479999999999996,-0.056010000000000004,1.0
20.8984,19.95319,19.62378,19.4961,19.41883,0.94521,0.32941,0.12768,0.07727,1.0
20.21183,19.32639,19.05065,18.959410000000002,18.98216,0.88544,0.27574,0.09124,-0.022749999999999992,1.0
18.99157,17.49053,17.07975,16.89828,16.843429999999998,1.50104,0.41078000000000003,0.18147,0.05485,3.0
20.60775,19.6251,19.355829999999997,19.27625,19.283910000000002,0.98265,0.26927,0.07958,-0.00766,1.0
20.10034,18.80126,18.25096,18.04714,17.94045,1.29908,0.5503,0.20382,0.10669000000000001,2.0
21.01673,20.2156,19.85782,19.76501,19.62292,0.80113,0.35778000000000004,0.09281,0.14209000000000002,1.0
19.82692,18.64336,18.2111,18.02405,17.97308,1.18356,0.43226000000000003,0.18705,0.05097,2.0
21.826220000000003,20.65321,19.473779999999998,19.05031,18.70669,1.17301,1.17943,0.42346999999999996,0.34362,1.0
22.16725,20.293039999999998,18.92598,18.26349,17.88544,1.87421,1.36706,0.6624899999999999,0.37805,1.0
22.8547,20.40605,19.36654,18.95581,18.65162,2.44865,1.03951,0.41073000000000004,0.30419,1.0
23.07865,20.7142,19.38177,18.773239999999998,18.48764,2.36445,1.33243,0.60853,0.2856,1.0
19.75112,18.82011,18.605629999999998,18.546129999999998,18.53452,0.93101,0.21448000000000003,0.0595,0.011609999999999995,1.0
20.05738,19.133589999999998,18.92141,18.85107,18.820629999999998,0.92379,0.21218,0.07034,0.03044,1.0
25.85249,20.922729999999998,19.64096,19.0912,18.7935,4.92976,1.2817700000000003,0.54976,0.2977000000000001,1.0
20.62845,19.7188,19.470470000000002,19.38479,19.33975,0.90965,0.24833000000000002,0.08567999999999999,0.04504,1.0
19.86882,18.910420000000002,18.69458,18.62479,18.65977,0.9584,0.21584,0.06978999999999999,-0.03498000000000001,1.0
20.55706,19.80623,19.47494,19.41359,19.27542,0.75083,0.33129000000000003,0.06135,0.13817000000000002,1.0
20.14733,18.6026,18.06846,17.884079999999997,17.83677,1.54473,0.53414,0.18438,0.047310000000000005,2.0
20.70611,19.81436,19.53809,19.46199,19.53881,0.89175,0.27626999999999996,0.0761,-0.07682,1.0
19.55329,18.13467,17.64451,17.47612,17.41838,1.41862,0.49016000000000004,0.16839,0.05774,3.0
19.81129,18.87937,18.662,18.58277,18.615920000000003,0.9319200000000001,0.21736999999999998,0.07923,-0.03315,1.0
16.561320000000002,15.9547,16.28035,16.51801,16.68451,0.6066199999999999,-0.32564999999999994,-0.23765999999999998,-0.1665,4.0
20.9264,20.06952,19.8002,19.7182,19.653489999999998,0.85688,0.26932,0.08199999999999999,0.06471,1.0
19.45678,18.57452,18.36917,18.29823,18.30465,0.88226,0.20535,0.07094,-0.006420000000000002,1.0
19.957,19.066010000000002,18.8783,18.80958,18.785439999999998,0.89099,0.18771,0.06872,0.02414,1.0
20.06379,19.14633,18.93601,18.84692,18.9279,0.91746,0.21031999999999998,0.08909,-0.08098,1.0
20.89584,19.46876,18.859189999999998,18.591279999999998,18.48489,1.42708,0.60957,0.26791,0.10639000000000001,1.0
21.25157,20.14665,19.94073,19.73426,19.89709,1.1049200000000001,0.20592,0.20647,-0.16283,1.0
20.61877,19.81147,19.59705,19.55331,19.616529999999997,0.8073,0.21441999999999997,0.04374,-0.06322000000000001,1.0
20.363039999999998,19.42354,19.17823,19.10568,18.98003,0.9395,0.24531,0.07255,0.12565,1.0
18.30677,17.19531,16.75948,16.54332,16.46248,1.1114600000000001,0.43583,0.21616,0.08084,3.0
20.94603,19.98295,19.659860000000002,19.604329999999997,19.5268,0.9630799999999999,0.32309,0.055529999999999996,0.07753,1.0
21.11555,20.186320000000002,19.88703,19.75067,19.79053,0.9292299999999999,0.29929,0.13635999999999998,-0.03986000000000001,1.0
19.3752,18.41544,18.181820000000002,18.11185,18.09805,0.9597600000000001,0.23362,0.06997,0.0138,1.0
20.74437,20.03679,19.772289999999998,19.59796,19.61767,0.70758,0.2645,0.17432999999999998,-0.019710000000000005,1.0
21.103089999999998,20.13908,19.84083,19.701439999999998,19.71229,0.96401,0.29825,0.13939000000000001,-0.010850000000000005,1.0
20.88974,19.89865,19.6361,19.55551,19.67076,0.9910899999999999,0.26255,0.08059,-0.11525000000000002,1.0
20.26555,19.363120000000002,19.1161,19.058220000000002,19.04024,0.90243,0.24702,0.057879999999999994,0.017979999999999996,1.0
20.142960000000002,19.22764,18.97523,18.89198,18.92077,0.91532,0.25240999999999997,0.08325,-0.028789999999999996,1.0
20.06705,19.1987,18.96493,18.853189999999998,18.976779999999998,0.86835,0.23376999999999998,0.11174,-0.12359000000000003,1.0
23.10726,21.244629999999997,19.81655,18.56769,17.96655,1.86263,1.42808,1.24886,0.60114,1.0
20.18536,19.266,19.03474,18.93692,18.95518,0.9193600000000001,0.23126,0.09782,-0.01826,1.0
19.706129999999998,18.83551,18.638170000000002,18.55555,18.60408,0.8706200000000001,0.19734000000000002,0.08262,-0.048530000000000004,1.0
21.330920000000003,20.32628,19.9798,19.87267,19.87986,1.00464,0.34648,0.10712999999999999,-0.007190000000000002,1.0
21.65481,19.01243,17.91776,17.18171,16.872429999999998,2.6423799999999997,1.09467,0.73605,0.30928,3.0
16.52015,15.39308,15.606979999999998,15.806420000000001,15.912939999999999,1.12707,-0.21390000000000003,-0.19944,-0.10652,4.0
18.28117,17.201320000000003,16.7594,16.55554,16.46429,1.07985,0.44192,0.20385999999999999,0.09125,3.0
27.110590000000002,14.89955,14.624120000000001,14.1492,14.979729999999998,12.211039999999999,0.27543,0.47492,-0.83053,3.0
19.10709,18.00571,17.85341,17.761,17.98974,1.10138,0.1523,0.09241,-0.22874,1.0
19.50926,18.444020000000002,18.16936,17.97389,18.197039999999998,1.06524,0.27466,0.19547,-0.22315000000000002,1.0
16.53623,15.13512,14.516520000000002,14.2631,14.09655,1.40111,0.6186,0.25342,0.16655,3.0
15.89986,14.8365,14.47984,14.37411,14.32596,1.06336,0.35666,0.10572999999999999,0.04815,4.0
20.15343,18.9218,18.720370000000003,19.27713,22.82684,1.23163,0.20143,-0.55676,-3.5497099999999997,1.0
19.156129999999997,18.1954,17.842779999999998,17.74805,17.729210000000002,0.96073,0.35262,0.09473,0.018839999999999996,2.0
21.66528,18.10677,18.3279,24.361810000000002,22.82692,3.55851,-0.22113,-6.03391,1.5348899999999996,3.0
19.240129999999997,18.240660000000002,17.97899,17.8434,17.88745,0.9994700000000001,0.26166999999999996,0.13559000000000002,-0.044050000000000006,2.0
16.560679999999998,15.67293,15.97345,16.180410000000002,16.32065,0.88775,-0.30052000000000006,-0.20695999999999998,-0.14023999999999998,4.0
19.170360000000002,17.85089,17.47571,17.316329999999997,17.37443,1.3194700000000001,0.37518,0.15938,-0.058099999999999985,3.0
23.98721,22.44125,18.94921,17.69939,17.109720000000003,1.54596,3.4920400000000003,1.2498200000000002,0.5896699999999999,3.0
17.5595,16.27894,15.873489999999999,15.7242,15.690370000000001,1.2805600000000001,0.40545,0.14929,0.03383,3.0
18.41178,17.29174,16.8437,16.63564,16.546870000000002,1.12004,0.44803999999999994,0.20806,0.08877,3.0
18.293870000000002,17.142889999999998,16.68124,16.495929999999998,16.39262,1.15098,0.46165,0.18531,0.10330999999999999,3.0
19.5524,18.590510000000002,18.345670000000002,18.29577,18.24415,0.9618899999999999,0.24484,0.0499,0.051620000000000006,1.0
18.63237,17.31387,16.81575,16.616329999999998,16.5341,1.3185,0.49812,0.19942000000000001,0.08223,3.0
20.76696,19.80149,19.5358,19.43463,19.5216,0.96547,0.26569,0.10117000000000001,-0.08696999999999999,1.0
20.4521,19.54027,19.27669,19.17447,19.22561,0.9118299999999999,0.26358000000000004,0.10222,-0.05113999999999999,1.0
19.57678,18.615579999999998,18.37369,18.33119,18.29883,0.9612,0.24189000000000002,0.04250000000000001,0.03236,1.0
20.907729999999997,20.128,19.83069,19.72336,19.7338,0.77973,0.29730999999999996,0.10733,-0.010440000000000005,1.0
19.81484,18.8763,18.593970000000002,18.49865,18.44975,0.9385399999999999,0.28233,0.09532,0.0489,1.0
21.30941,20.30245,19.95871,19.85737,19.80363,1.00696,0.34374,0.10134,0.053739999999999996,1.0
21.19611,20.166320000000002,19.87239,19.79146,19.74553,1.02979,0.29393,0.08093,0.04593,1.0
19.16092,18.15815,18.09481,18.15602,18.228820000000002,1.0027700000000002,0.06334000000000001,-0.06120999999999999,-0.0728,1.0
17.134529999999998,15.46299,14.8486,14.63083,14.50736,1.6715400000000002,0.61439,0.21777,0.12347000000000001,3.0
19.9244,17.718770000000003,16.80154,16.48935,16.32723,2.2056299999999998,0.9172299999999998,0.31219,0.16212000000000001,3.0
19.83345,18.83548,18.59664,18.545360000000002,18.54109,0.99797,0.23884,0.05127999999999999,0.004270000000000003,1.0
20.099510000000002,18.04295,17.20273,16.94912,16.781589999999998,2.0565599999999997,0.8402200000000001,0.25361,0.16752999999999998,3.0
22.89508,20.7401,19.322779999999998,18.0966,17.489910000000002,2.15498,1.4173200000000001,1.2261799999999998,0.60669,1.0
14.642579999999999,13.95408,13.75901,14.67711,12.75688,0.6885,0.19507,-0.9180999999999999,1.9202299999999999,4.0
18.699070000000003,17.63027,17.289460000000002,17.16527,17.15332,1.0688,0.34081,0.12419000000000001,0.011950000000000002,3.0
18.80359,17.4645,17.04184,16.92081,16.88034,1.33909,0.42266000000000004,0.12103,0.04047,3.0
20.00476,18.89494,18.68461,18.63717,18.60985,1.10982,0.21033000000000002,0.047439999999999996,0.027319999999999997,1.0
20.49304,19.88663,19.62144,19.523529999999997,19.44631,0.60641,0.26519000000000004,0.09791,0.07722000000000001,1.0
20.5643,19.05827,18.43175,18.21032,18.09023,1.50603,0.62652,0.22143000000000002,0.12009,2.0
20.93156,19.86467,19.551820000000003,19.44481,19.36286,1.06689,0.31285,0.10701,0.08195,1.0
20.708370000000002,19.8316,19.54815,19.41294,19.39066,0.87677,0.28345,0.13521,0.02228,1.0
23.93511,20.907610000000002,19.6143,18.99997,18.66589,3.0275,1.29331,0.61433,0.33408000000000004,1.0
