kic,bjd0,period
KIC 1026032,54966.773813,8.4604378
KIC 1161345,55005.028983,4.2874555
KIC 1433410,54999.951811,0.2832752
KIC 1433980,55000.366398,1.5926344
KIC 1571511,54954.504752,14.022451
KIC 1572353,54964.674573,0.2289313
KIC 1573836,55000.034563,3.5570929
KIC 1575690,54965.432738,2.2524281
KIC 1868650,54953.769678,0.5847312
KIC 1873513,55001.074635,3.2903828
KIC 2010607,54974.489675,18.632296
KIC 2012362,54964.744705,0.3863229
KIC 2019076,55004.072218,7.1292282
KIC 2141697,54953.836742,0.3310425
KIC 2159783,54964.975549,0.3738842
KIC 2161623,54999.599837,2.2834698
KIC 2162283,54954.341553,0.9063779
KIC 2162994,54965.631653,4.1015955
KIC 2166200,55006.127339,8.0969564
KIC 2167890,55185.843253,2.6483007
KIC 2302092,54964.690581,0.2946734
KIC 2305277,54964.986693,0.3787718
KIC 2305372,54965.954227,1.404692
KIC 2305543,55003.400909,1.3622735
KIC 2306740,54966.425207,10.306987
KIC 2307199,55006.176594,13.4471107
KIC 2308957,54965.166461,2.2196838
KIC 2309587,54965.101351,1.8385106
KIC 2435971,54964.815967,0.271828
KIC 2436378,54969.278076,8.531613
KIC 2437038,54964.980693,0.2676785
KIC 2437060,55000.890724,3.1871104
KIC 2437149,55008.621824,18.7987347
KIC 2437452,54974.81653,14.4699302
KIC 2438061,55004.093627,4.8858521
KIC 2438490,55001.014453,3.3157673
KIC 2440757,54964.685956,1.4337707
KIC 2441161,55004.684524,4.38398
KIC 2444187,54964.814979,0.3901594
KIC 2445134,54972.647749,8.4120089
KIC 2445975,54967.981114,3.3888824
KIC 2447893,54965.113742,0.66162
KIC 2448320,55002.065503,0.2741085
KIC 2449084,55000.319865,0.7397571
KIC 2449090,55001.811037,4.944
KIC 2450566,55001.553286,1.8445871
KIC 2452440,55003.811045,8.0970448
KIC 2453212,55002.014475,0.436716
KIC 2556127,54953.710274,0.4188713
KIC 2557430,54954.461036,1.2977364
KIC 2558370,55000.092666,0.5462481
KIC 2569494,55000.349187,1.5233235
KIC 2570289,54964.579321,0.2790278
KIC 2571439,54964.701572,0.3209791
KIC 2577756,54964.662821,0.8703335
KIC 2580872,54978.551299,15.9266276
KIC 2694741,54953.773721,0.3266474
KIC 2695740,54956.4182,3.6158751
KIC 2696703,54997.116516,6.094094
KIC 2708156,54954.335595,1.8912721
KIC 2711114,54967.174931,2.8588804
KIC 2715007,54964.782119,0.2971105
KIC 2715417,54964.666158,0.2364399
KIC 2717141,54953.756174,0.3945715
KIC 2719436,54999.71536,0.7434797
KIC 2719873,54968.273349,17.2792902
KIC 2720354,54956.215382,2.8213281
KIC 2831632,54954.72996,2.573172
KIC 2835289,55000.442959,0.8577619
KIC 2851100,54965.364973,0.8901084
KIC 2851474,54965.52665,2.7682927
KIC 2852560,54964.912445,11.9613082
KIC 2854432,54964.880329,0.3223256
KIC 2854752,54964.893006,0.4704329
KIC 2854948,55002.410212,0.9743044
KIC 2856960,54964.658506,0.2585073
KIC 2858322,54964.659801,0.4363999
KIC 2860594,54960.317741,5.4999446
KIC 2860788,54965.066911,5.2597422
KIC 2970804,54964.658323,0.6869923
KIC 2972514,54999.881938,0.5034853
KIC 2973509,54958.918282,6.6276114
KIC 2983113,55001.96964,0.3951601
KIC 2988984,54999.991556,0.7130196
KIC 2996347,55002.146322,0.3010109
KIC 2997455,54964.788647,1.12985
KIC 3003991,54964.859085,7.2447788
KIC 3097352,54999.654921,4.02984
KIC 3102024,54958.697369,13.7825215
KIC 3104113,54965.284916,0.846786
KIC 3113266,54964.847534,0.9958613
KIC 3114667,54999.753222,0.8885831
KIC 3115480,54968.194275,3.6937025
KIC 3119295,55000.054095,0.4396981
KIC 3120320,54959.222315,10.2656134
KIC 3122985,54965.600017,0.9934885
KIC 3124420,55000.571511,0.9489508
KIC 3127817,54955.117734,4.3271394
KIC 3127873,54964.982325,0.6715256
KIC 3218683,54965.118326,0.7716695
KIC 3221207,54953.960358,0.4738303
KIC 3228824,54970.345617,0.7309423
KIC 3228863,54954.262345,0.730944
KIC 3230227,54958.702238,7.0471062
KIC 3230578,54958.828915,6.3376101
KIC 3230787,54959.183688,17.7340523
KIC 3231120,55001.478119,3.90009
KIC 3232823,54964.862867,0.4239069
KIC 3240706,54970.003288,5.4898651
KIC 3240976,55002.377433,15.2388691
KIC 3241344,54966.428168,3.9126783
KIC 3241619,54955.247951,1.7033444
KIC 3245776,55001.643004,1.4920589
KIC 3248019,55098.773,2.6682217
KIC 3248332,54956.97501,7.3636066
KIC 3327980,54967.106634,4.2310217
KIC 3335816,54954.355631,7.4220063
KIC 3338660,55002.252623,1.8733805
KIC 3339538,54958.816851,14.6580139
KIC 3339563,54965.37686,0.8412315
KIC 3341934,54970.768578,18.8394967
KIC 3342425,54964.942901,0.3934148
KIC 3342592,54969.191539,17.1773261
KIC 3344427,55000.00311,0.6517851
KIC 3347485,54955.024047,7.5448413
KIC 3348093,55000.364628,7.96442
KIC 3351945,54965.3297,1.0805381
KIC 3352751,54954.597119,3.4954552
KIC 3353233,55002.057634,0.3157777
KIC 3354616,55000.188881,0.2769826
KIC 3427776,54967.239974,4.0166817
KIC 3431321,54954.417815,1.0150487
KIC 3433668,54991.740114,15.0217983
KIC 3437778,55002.015043,0.6355819
KIC 3437800,54964.746426,0.3626791
KIC 3438975,55004.632617,2.9760959
KIC 3439031,54954.068169,5.9520263
KIC 3439180,55002.039112,0.3250651
KIC 3440230,54967.238413,2.881101
KIC 3443519,54953.826091,0.353627
KIC 3443790,54955.20197,1.6657838
KIC 3448245,54953.953327,0.51349
KIC 3449540,54965.493715,3.2120062
KIC 3454864,54964.780262,0.2941204
KIC 3458919,54964.815308,0.892061
KIC 3459199,54999.890746,3.1410343
KIC 3530668,55004.235182,1.9462005
KIC 3542573,54959.807593,6.9427958
KIC 3543270,54966.195961,4.1769294
KIC 3544694,5500.426884,3.8457
KIC 3545476,54964.739951,0.3176886
KIC 3547091,55096.322121,3.3055782
KIC 3547111,55000.126516,1.2078359
KIC 3547315,54999.59663,1.2847
KIC 3549994,55000.000868,0.3471816
KIC 3556229,55000.33747,0.7967202
KIC 3557421,54953.706725,0.3937276
KIC 3558822,54953.844462,1.3534207
KIC 3558981,54965.154915,2.9878585
KIC 3560212,55000.205217,0.3460643
KIC 3633901,54999.655075,0.807387
KIC 3641446,55000.215748,2.1000143
KIC 3654950,55003.927327,8.1347246
KIC 3655326,54973.654266,15.0665034
KIC 3656322,54956.379473,3.6636036
KIC 3659940,54965.564596,0.8962698
KIC 3662635,54965.012755,0.9393755
KIC 3729724,54999.176469,16.4187555
KIC 3730067,54964.887243,0.2940786
KIC 3732732,54953.918666,0.3961872
KIC 3734868,54966.268921,10.328036
KIC 3735597,54954.425217,1.9663556
KIC 3735629,54999.322469,9.3283461
KIC 3743834,54964.543136,0.2736148
KIC 3745184,54964.732045,0.3042328
KIC 3749508,54954.37722,1.0657337
KIC 3756730,54964.961909,0.3791639
KIC 3761175,55169.32562,5.1623434
KIC 3764714,55000.373734,6.6332758
KIC 3765708,55002.136735,0.4314189
KIC 3765771,54969.011606,5.5677174
KIC 3766353,54966.7224,2.6669648
KIC 3830820,54968.114264,15.582788
KIC 3832382,54964.603149,0.2726487
KIC 3832716,54954.237442,1.1418772
KIC 3832716,54953.978611,2.1701093
KIC 3833859,54954.084827,0.4317433
KIC 3834322,54964.575359,0.996858
KIC 3834364,54965.31488,2.9084549
KIC 3836439,54954.213023,1.5403954
KIC 3836522,55003.511422,1.5403797
KIC 3837677,54964.806673,0.4619841
KIC 3838496,55002.0075,5.9803965
KIC 3839964,54964.791432,0.2561499
KIC 3848042,54964.75831,0.4114527
KIC 3848919,54964.765586,1.0472603
KIC 3848972,55001.998566,0.7410574
KIC 3849155,54965.047161,1.1683133
KIC 3851193,54964.838287,1.3410787
KIC 3851320,55000.251155,1.2385693
KIC 3852655,55000.716753,11.629058
KIC 3853259,54964.780871,0.2766478
KIC 3853673,54965.687811,0.6437959
KIC 3861595,54959.728108,3.8493669
KIC 3862171,55001.336005,6.9964614
KIC 3862246,54969.307559,4.7024935
KIC 3865298,54967.812277,9.5306346
KIC 3869326,54969.211375,8.586044
KIC 3869825,54972.13509,4.8006556
KIC 3935319,55001.97395,0.3531307
KIC 3936357,54953.852697,0.3691536
KIC 3953106,54972.976076,13.17437
KIC 3953981,54953.822532,0.4920172
KIC 3954227,55002.265535,0.594276
KIC 3954798,54953.841706,0.91848
KIC 3956545,54964.884961,0.3302801
KIC 3956881,54964.961529,0.6969455
KIC 3957477,54954.934438,0.9790522
KIC 3958488,54954.154703,0.622891
KIC 3964545,54965.246014,3.0124754
KIC 3965242,54964.911763,0.9967236
KIC 3965556,54999.504584,6.5567702
KIC 3966491,54955.927896,1.3519722
KIC 3969362,54964.964675,0.4105683
KIC 3970233,54966.159737,8.2549143
KIC 3971315,54969.690539,9.8922771
KIC 3972629,54964.812585,0.2442402
KIC 3973002,54967.882431,3.9841974
KIC 3973504,55003.478168,4.3187277
KIC 3973549,55008.351662,1.389955
KIC 4035675,54965.582631,2.8736622
KIC 4036687,55000.292216,0.2997993
KIC 4037163,55000.227976,0.635444
KIC 4037428,54955.403778,4.2647283
KIC 4044005,54954.747545,17.5119471
KIC 4049124,54969.003883,4.8044707
KIC 4059656,54966.70959,4.0593977
KIC 4066203,55000.041821,0.3625492
KIC 4069063,54964.906342,0.5042961
KIC 4069213,54957.18326,5.1942561
KIC 4070376,54965.333738,1.6346136
KIC 4071600,54954.587439,1.6746345
KIC 4073678,54927.892568,0.2882443
KIC 4074532,54953.94133,0.3531526
KIC 4074708,54964.856673,0.3021166
KIC 4076952,54966.703076,9.7611686
KIC 4077442,54954.130321,0.6928422
KIC 4078157,54960.327077,16.0246714
KIC 4078693,54954.999726,2.7565308
KIC 4079530,54994.771374,17.7271
KIC 4138301,54964.685221,0.2533791
KIC 4149684,55004.30436,4.3208494
KIC 4150136,54995.577252,9.4784025
KIC 4150611,54999.688801,1.5222786
KIC 4150611,54961.005419,8.6530923
KIC 4157488,54968.137425,5.1974199
KIC 4159347,54958.22766,12.2835553
KIC 4165960,54970.130555,13.5491781
KIC 4168013,55002.044137,0.3108761
KIC 4169521,54953.784404,1.1725557
KIC 4174507,54966.03964,3.891825
KIC 4241946,54999.914195,0.284384
KIC 4242692,54966.637371,2.2770704
KIC 4244929,54964.746256,0.3414027
KIC 4245897,54973.788825,11.2578219
KIC 4247791,54954.796044,4.0497388
KIC 4247791,54956.035723,4.1008708
KIC 4248941,54997.105632,8.6445976
KIC 4249218,54964.857382,0.3161948
KIC 4252322,54970.075735,14.5915165
KIC 4263529,55006.311988,10.1040158
KIC 4273411,54965.666692,1.2196984
KIC 4275739,55088.178957,4.3436563
KIC 4276114,55003.79077,3.7224071
KIC 4281895,54954.697005,9.543588
KIC 4285087,54966.450124,4.4860312
KIC 4346875,54966.779517,4.6942191
KIC 4349483,54964.907025,0.5091406
KIC 4350454,54964.942703,0.9656582
KIC 4352168,54967.941346,10.6437482
KIC 4357272,54964.964677,2.0859499
KIC 4358206,54964.920938,0.9511619
KIC 4359851,55008.493886,13.542328
KIC 4365442,54999.136949,1.7144132
KIC 4365461,54964.865358,3.42883
KIC 4367544,54965.760421,2.3912219
KIC 4372379,54966.216027,4.5351711
KIC 4372705,55000.244783,1.2786675
KIC 4372765,55004.5354,15.6398
KIC 4377638,55004.265058,2.8218747
KIC 4380283,54965.902751,1.7447194
KIC 4385109,54964.667954,0.2746477
KIC 4386047,55001.200546,2.90069
KIC 4445630,54968.881486,5.6279121
KIC 4450976,54956.109541,12.044869
KIC 4451148,54954.385644,0.7359835
KIC 4454219,54964.662458,1.225733
KIC 4455763,55003.000749,0.766298
KIC 4456622,55004.020547,1.5028164
KIC 4458989,54954.158637,0.5298544
KIC 4464999,54953.822183,0.4341644
KIC 4466356,54998.374352,14.1281577
KIC 4466691,54999.998987,0.4826514
KIC 4470124,54999.042124,11.4389838
KIC 4474193,54964.738944,0.3225048
KIC 4474637,55002.9943,3.8867254
KIC 4476900,55000.141708,0.2796663
KIC 4480676,54965.087498,1.4239338
KIC 4484356,54965.01692,1.1441593
KIC 4544587,54954.135787,2.1890973
KIC 4545729,55011.690434,18.3835201
KIC 4547067,55000.054553,0.407575
KIC 4547308,54953.624244,0.5769285
KIC 4547480,54966.563088,4.4269474
KIC 4550750,55000.439574,1.5677741
KIC 4551328,54965.084253,1.0441159
KIC 4554004,55000.152874,0.7425074
KIC 4563150,54964.769475,0.2747205
KIC 4569923,54964.657797,0.3135835
KIC 4570326,54954.442727,1.1215525
KIC 4571536,54964.766088,0.676715
KIC 4574310,54954.661614,1.3062201
KIC 4579321,55002.944741,2.112395
KIC 4647652,54953.946994,1.064824
KIC 4649324,54965.226634,1.0356908
KIC 4651526,54999.972379,0.2981451
KIC 4660997,54954.051654,0.5625604
KIC 4661397,54964.689325,0.2923249
KIC 4665989,54965.752012,2.2480673
KIC 4669402,55002.983542,8.4964677
KIC 4669592,54964.986279,0.3784276
KIC 4670267,54966.375624,2.0060984
KIC 4671584,54967.031522,5.5933253
KIC 4672934,54964.705336,0.3827468
KIC 4677321,54966.345443,1.5721808
KIC 4678171,54965.80532,15.2887092
KIC 4679687,55000.391764,1.0279026
KIC 4681152,54954.060778,1.8359219
KIC 4729553,54954.462794,0.9612926
KIC 4737267,54972.612728,9.5240765
KIC 4737302,54957.214006,9.4555885
KIC 4738426,54964.659616,0.2488352
KIC 4739194,54965.020269,1.246586
KIC 4739791,54999.890185,0.8989211
KIC 4740676,54954.347846,3.4542411
KIC 4743508,55093.66556,2.086079
KIC 4743626,54954.927299,1.3028754
KIC 4751083,55000.401673,4.53237
KIC 4753988,54968.025737,7.304426
KIC 4757331,54966.303609,2.3620885
KIC 4758092,54964.779256,0.289166
KIC 4758368,54958.206761,3.7499354
KIC 4760746,54955.460027,15.0680733
KIC 4761060,55002.021782,3.3613913
KIC 4762887,54964.770988,0.7365737
KIC 4815612,54999.315013,3.8568
KIC 4826439,54965.657054,2.4742946
KIC 4832197,54954.965798,1.8954655
KIC 4839180,54953.952362,8.8526867
KIC 4840263,54966.371846,1.9156478
KIC 4840818,54966.119445,10.0495365
KIC 4843222,54964.901521,0.3874053
KIC 4843592,54862.093711,0.4835365
KIC 4847343,55005.987387,11.416917
KIC 4847369,55001.737547,12.3500141
KIC 4848423,55000.580941,3.0036527
KIC 4850874,54953.774436,1.775901
KIC 4851217,54953.900507,2.47028
KIC 4851464,55005.060765,5.5482571
KIC 4852055,54966.425501,2.414857
KIC 4853067,54954.860913,1.3409216
KIC 4857282,54904.264881,0.2507526
KIC 4859432,54949.994605,0.38548
KIC 4860932,54970.890452,12.365356
KIC 4902030,54965.266622,1.757606
KIC 4904304,54964.743865,0.389474
KIC 4908495,54965.368046,3.1203153
KIC 4909422,54953.788909,0.3951035
KIC 4909707,54953.913193,2.3023637
KIC 4912991,54971.049805,8.8850348
KIC 4921906,54964.617446,0.2137324
KIC 4929299,54965.083909,0.8687195
KIC 4932691,54967.712673,18.1120792
KIC 4935914,54999.242862,3.4863333
KIC 4936180,54964.943578,4.6409218
KIC 4936334,54964.924771,0.3543686
KIC 4936680,54999.866063,0.6662267
KIC 4936990,55187.308477,10.3145092
KIC 4937143,55002.141381,9.848876
KIC 4937217,54964.627168,0.4293417
KIC 4940201,54967.276926,8.8166283
KIC 4940438,54969.651791,9.085907
KIC 4941060,54964.691063,0.3034224
KIC 4945035,55002.423514,1.174683
KIC 4945588,54954.186276,1.12908
KIC 4945857,54964.832845,0.3354148
KIC 4946584,55063.182705,0.4539717
KIC 4946680,54965.209594,8.6652604
KIC 4947528,54964.674045,0.4969885
KIC 4947726,54965.922364,4.7260862
KIC 4948863,54972.83142,8.6435903
KIC 4949187,54997.748947,11.9773917
KIC 4949770,54955.080993,1.5640913
KIC 4950505,54964.865804,0.2948091
KIC 4954113,55001.996853,0.668027
KIC 4990977,54966.378799,2.649025
KIC 4991959,54964.757061,0.3609387
KIC 4999260,54953.743079,0.3783682
KIC 4999357,54953.89096,0.9901294
KIC 5000179,55124.704902,3.6329355
KIC 5005570,54964.987536,0.4228439
KIC 5008287,54964.561803,0.2918775
KIC 5014753,54966.999059,3.1706264
KIC 5015913,54954.581594,2.3599371
KIC 5015926,54953.962477,0.3626874
KIC 5016163,54964.856493,5.2456595
KIC 5017058,54955.915793,2.3238948
KIC 5018787,54965.014611,0.6071918
KIC 5020034,54999.491731,2.1191112
KIC 5021174,55001.636952,4.045054
KIC 5021732,54977.135482,15.0395069
KIC 5022440,54966.608467,3.6939503
KIC 5022573,54953.97265,0.4417245
KIC 5022908,54999.972021,0.6372483
KIC 5023948,55002.377045,3.6492928
KIC 5024292,55466.368741,4.3010324
KIC 5024450,55188.478488,3.0518511
KIC 5025261,55001.691757,2.1714108
KIC 5025294,54967.264574,5.4626904
KIC 5033682,54953.73167,0.3799156
KIC 5034333,54954.027612,6.93228
KIC 5036538,54965.520704,2.1220164
KIC 5039441,54955.35136,2.1513832
KIC 5041569,54965.220789,2.5354364
KIC 5041843,54999.871556,0.4572343
KIC 5041975,54964.909726,2.959929
KIC 5077629,54965.583952,7.9193695
KIC 5077994,54954.086678,0.6962874
KIC 5078879,55003.081021,1.0393706
KIC 5080652,54968.166959,4.1443566
KIC 5088735,55003.059771,0.5075008
KIC 5090937,55001.089963,8.8006929
KIC 5095269,54966.865286,18.6119616
KIC 5097446,54964.98609,1.2880641
KIC 5104097,55000.035311,0.2753953
KIC 5110423,55007.012744,5.3704341
KIC 5112567,54966.127827,1.6158919
KIC 5113053,55001.32836,3.1850998
KIC 5115178,54965.838513,12.8517242
KIC 5122112,54967.437373,3.05517
KIC 5123176,54953.903419,0.7078436
KIC 5127005,54955.159118,1.6211241
KIC 5128972,54965.046701,0.5053236
KIC 5166136,54964.809081,0.2339477
KIC 5174346,55002.130574,0.3505923
KIC 5181455,54966.552696,5.5796309
KIC 5181804,55000.068988,4.3505
KIC 5195137,54964.554051,0.324117
KIC 5196301,54955.143163,1.9104098
KIC 5197256,55003.087355,6.9633883
KIC 5198934,54965.090274,0.8347392
KIC 5199489,55002.248139,0.4648159
KIC 5201619,54964.774736,0.507276
KIC 5211385,54955.44417,1.6606874
KIC 5211470,55004.227339,4.8085954
KIC 5213466,55165.534389,2.8193115
KIC 5215700,55186.237774,1.3124021
KIC 5215999,54965.482686,2.5311576
KIC 5216727,54964.929149,1.5130232
KIC 5218014,54971.333966,10.8452926
KIC 5218385,54964.580677,0.2815375
KIC 5218441,54968.284761,3.6137546
KIC 5259926,54964.912755,0.4378098
KIC 5263802,54958.146746,6.7005059
KIC 5264818,54955.233438,1.9050502
KIC 5266937,54971.815659,5.9170863
KIC 5269407,54965.645124,0.9588711
KIC 5282049,55187.374744,5.9103771
KIC 5282464,54964.707882,0.4963991
KIC 5283266,54964.67672,0.3146487
KIC 5283839,54964.855369,0.3152311
KIC 5284133,54958.889871,8.7845759
KIC 5284262,55004.961964,17.9633117
KIC 5285607,54959.57601,3.8994011
KIC 5286221,55004.348011,15.2959828
KIC 5286786,54966.802029,9.9487462
KIC 5287983,55003.994398,2.5071049
KIC 5288543,54964.805421,3.4570755
KIC 5290305,55000.301664,0.6205088
KIC 5294739,54968.053209,3.7359952
KIC 5296276,54999.250265,1.8920026
KIC 5296877,54953.816369,0.3772645
KIC 5300878,54965.493633,1.2794432
KIC 5302006,54980.50904,0.1511712
KIC 5306862,54954.692842,2.0256383
KIC 5307780,54964.975035,0.3088511
KIC 5309353,55004.107012,1.37638
KIC 5310387,54953.664664,0.4416691
KIC 5310435,54956.290941,4.9313644
KIC 5343976,54954.732569,4.3313919
KIC 5347784,54962.286092,9.5840588
KIC 5353374,54964.660948,0.3933205
KIC 5353653,55000.059694,0.3685569
KIC 5357682,55000.234001,0.7177063
KIC 5357882,55000.089402,0.3874025
KIC 5358200,54999.757109,0.5359481
KIC 5359678,54966.123235,6.23061
KIC 5369419,54954.046978,0.4376804
KIC 5369827,54967.778417,3.606928
KIC 5370302,54967.350725,3.9043269
KIC 5371109,54965.789741,1.1918616
KIC 5372966,54967.675326,9.2863571
KIC 5374883,54964.75622,0.4197169
KIC 5374999,54965.263115,0.4578798
KIC 5376552,54954.083822,0.5038186
KIC 5376836,54966.317189,3.4794252
KIC 5377349,54965.748569,1.1167657
KIC 5384802,54966.988768,6.0830927
KIC 5385723,54998.013883,12.4449256
KIC 5386810,54954.086668,0.8888907
KIC 5389616,54964.772606,0.4068838
KIC 5390351,54999.935725,0.5474536
KIC 5393558,54970.245634,10.2171033
KIC 5394544,54953.663406,0.4319744
KIC 5396122,54971.166582,15.444304
KIC 5398002,55009.793719,14.1531749
KIC 5425950,54964.615475,0.3781682
KIC 5428668,54976.431891,1.406701
KIC 5439790,54954.502903,0.7960862
KIC 5440746,54964.94461,0.4826538
KIC 5444392,54954.915115,1.5195284
KIC 5450322,54965.004225,0.4240191
KIC 5450814,54970.623912,6.4875325
KIC 5458880,54976.059892,3.5116889
KIC 5459373,54964.670887,0.2866088
KIC 5461570,55000.155857,0.5076606
KIC 5462901,55006.081319,5.2707264
KIC 5468295,54964.782285,0.3520118
KIC 5471619,54965.198253,0.9628354
KIC 5473556,54956.478952,11.2588244
KIC 5474733,55066.460374,0.8837752
KIC 5475624,55279.978167,1.0698434
KIC 5475712,54967.174359,2.9918851
KIC 5477805,55067.660282,5.0067095
KIC 5478466,54964.857262,0.4825013
KIC 5479973,54964.869626,1.7952732
KIC 5481426,55002.1902,4.7681028
KIC 5511076,54999.687125,6.5131991
KIC 5513861,54954.995935,1.5102117
KIC 5524325,54999.679313,0.6249787
KIC 5527172,54975.414638,3.1839666
KIC 5529643,54964.790332,0.7597663
KIC 5530881,54965.96077,5.0825222
KIC 5534702,54965.634507,1.0254659
KIC 5534814,54996.290569,9.7187752
KIC 5535061,54954.051273,0.4634302
KIC 5543482,55000.186215,0.2948275
KIC 5546761,54964.588566,17.6706523
KIC 5557368,54953.768264,0.2979309
KIC 5560831,54999.871366,0.867721
KIC 5563814,54964.683004,0.3082342
KIC 5565486,55001.432884,2.8250473
KIC 5567438,54964.989528,0.5845398
KIC 5596440,54973.696864,10.4748568
KIC 5597970,54956.7744,6.7173843
KIC 5598639,54955.013385,1.2975514
KIC 5606644,54999.672477,0.8619311
KIC 5608566,54965.450439,4.396997
KIC 5610698,54965.89133,4.1325281
KIC 5611561,55000.00942,0.2586947
KIC 5611763,55000.103112,0.361605
KIC 5615528,54964.771134,0.3391748
KIC 5615815,55000.135248,0.6742496
KIC 5617953,55002.067477,0.298696
KIC 5620981,54964.759352,0.3335163
KIC 5621294,54954.510518,0.9389049
KIC 5622250,54976.192955,16.2942135
KIC 5623774,54964.773587,1.1336299
KIC 5623923,54999.527782,1.2087496
KIC 5632781,54975.739951,11.0252022
KIC 5636642,54999.628184,0.9335
KIC 5642620,54965.065125,0.986791
KIC 5647008,54965.008851,0.7998617
KIC 5648449,54960.906937,4.3488637
KIC 5649206,54998.774821,4.893474
KIC 5649956,55003.957982,2.41574
KIC 5652260,55001.010589,8.92926
KIC 5685072,54964.626512,0.2559051
KIC 5696909,54964.687693,0.6430031
KIC 5699617,54964.792095,0.2889166
KIC 5702939,54996.298368,18.3982007
KIC 5703230,54954.358193,0.7314739
KIC 5707897,54998.254127,8.4160911
KIC 5716244,54965.785021,1.3303328
KIC 5716763,54953.978797,0.6406607
KIC 5728139,54964.980826,10.668165
KIC 5728283,55003.981305,6.1982793
KIC 5730394,55000.566806,5.5191777
KIC 5731312,54968.093163,7.9463824
KIC 5733384,55003.51199,1.5467094
KIC 5735878,54966.17441,16.8320824
KIC 5736461,55006.619726,7.3461642
KIC 5736537,54965.954593,1.7615295
KIC 5737474,55000.019889,0.3979422
KIC 5738506,55002.990756,9.5014787
KIC 5738698,54956.591698,4.8087739
KIC 5768927,54956.769334,4.3905116
KIC 5770431,54953.923385,0.3924365
KIC 5770860,54965.270153,0.7375618
KIC 5771589,54962.116764,10.7391422
KIC 5771719,54972.304212,12.264877
KIC 5773205,55000.123267,0.2668707
KIC 5774375,54965.677949,1.5499774
KIC 5781192,54961.882581,9.4599934
KIC 5783368,54999.466516,1.8638734
KIC 5783676,54964.498776,0.4014453
KIC 5785551,55002.019292,0.2666875
KIC 5785586,54964.816145,0.4596214
KIC 5786545,55001.987489,0.2805751
KIC 5790912,54964.715689,0.3833172
KIC 5791886,54999.992375,0.3251705
KIC 5792093,54964.643362,0.6005881
KIC 5795648,54954.773067,4.5533695
KIC 5796675,54967.517223,16.0806761
KIC 5801571,54965.31282,1.6771942
KIC 5802285,54964.9844,2.4170498
KIC 5802470,54967.133705,3.7918726
KIC 5802486,55003.405755,2.1478398
KIC 5802834,54954.476652,1.0924429
KIC 5807579,54966.693941,17.8443251
KIC 5809827,54965.492031,1.22211
KIC 5809868,54964.797027,0.4393902
KIC 5816806,55003.096188,4.4554359
KIC 5817566,54961.017551,8.4121982
KIC 5818706,55003.064617,14.9599406
KIC 5820209,54964.813901,0.6560869
KIC 5821050,54953.930478,1.9333686
KIC 5823121,54965.628732,2.2980007
KIC 5858519,55000.473253,4.1825
KIC 5871918,54972.75983,12.6432974
KIC 5872506,55000.424875,2.1260885
KIC 5872696,54953.79871,0.1726132
KIC 5876360,54999.817075,1.0508445
KIC 5876805,55188.230522,18.1730361
KIC 5878081,54999.857562,0.5911339
KIC 5878836,55002.150031,0.3548794
KIC 5880320,54973.212603,12.1096393
KIC 5881838,55005.795225,0.3003313
KIC 5887316,54964.667064,0.6030807
KIC 5891963,54949.819126,0.28196
KIC 5903301,55003.423122,2.3203301
KIC 5942093,55008.011703,14.3873075
KIC 5944240,54999.591219,2.5532224
KIC 5951553,54965.011318,0.4319709
KIC 5952403,54965.197892,0.9056778
KIC 5955321,54975.752564,11.6378818
KIC 5955731,54954.553889,1.0038296
KIC 5956588,55001.906729,0.2729067
KIC 5956776,55000.303505,0.569115
KIC 5957123,55000.98644,2.8229754
KIC 5960283,55110.101764,0.2496681
KIC 5961327,54964.708008,0.299202
KIC 5961350,54958.099691,5.2626684
KIC 5962514,54999.878941,1.580099
KIC 5962716,54965.389949,1.8046081
KIC 5965819,55143.757424,8.2400554
KIC 5966237,55000.083643,0.3975826
KIC 5975712,54953.90719,1.1360932
KIC 5977736,55003.038327,1.5791302
KIC 5978521,54964.694901,0.6081507
KIC 5979863,54966.551875,16.6218542
KIC 5980800,55002.0335,0.4141629
KIC 5983351,55001.958846,0.3211848
KIC 5984000,54964.653132,0.3230583
KIC 5988465,54960.118623,7.0565264
KIC 5990753,55002.947127,7.2165917
KIC 5991936,55007.926256,0.8074357
KIC 6024572,54964.652469,0.4149096
KIC 6025466,54953.774098,1.1278008
KIC 6026204,54953.943599,2.2798149
KIC 6028860,55003.147571,0.8440331
KIC 6029130,54967.742093,12.591632
KIC 6029214,54954.334142,0.8190664
KIC 6034812,54953.667262,0.3673068
KIC 6042031,54964.565621,0.5371037
KIC 6042116,54958.780702,5.4071576
KIC 6044064,54966.7011,5.0632068
KIC 6044543,54964.913241,0.532086
KIC 6045264,54965.634157,0.9093104
KIC 6046061,54919.45441,0.2972557
KIC 6047498,54964.601927,1.037445
KIC 6048106,54999.843039,1.5593608
KIC 6050116,54964.708006,0.2399081
KIC 6056992,54966.935237,10.431153
KIC 6057829,54954.079203,0.4834268
KIC 6058614,55004.131839,1.7310801
KIC 6058875,55002.072583,1.1298682
KIC 6060580,54954.632263,2.3133689
KIC 6061139,54964.913384,0.3224413
KIC 6066379,54999.810009,1.3038602
KIC 6067735,54953.695499,0.4461815
KIC 6072195,55000.994686,2.8001229
KIC 6072578,54862.142079,0.2696718
KIC 6103049,54964.888912,0.6431712
KIC 6105491,56903.857649,13.2996383
KIC 6106771,54964.616674,0.2638263
KIC 6109688,54959.199116,14.0867881
KIC 6118779,54964.62105,0.3642464
KIC 6124941,54969.20124,5.670144
KIC 6128027,54969.906496,5.4557662
KIC 6128141,54965.726351,1.8726245
KIC 6128248,54964.750595,0.2917436
KIC 6131659,54960.041397,17.5278303
KIC 6137885,55003.383308,12.7900994
KIC 6141791,54998.492254,13.6590347
KIC 6143826,54953.804632,1.35476
KIC 6144827,54964.644135,0.2346497
KIC 6145939,55006.195223,17.7454139
KIC 6147122,54959.763678,15.4514983
KIC 6148271,54966.114761,1.7852901
KIC 6153219,55000.260143,0.5303
KIC 6153672,55153.072286,3.3644248
KIC 6182019,55003.801005,3.6649654
KIC 6182849,54999.698484,6.399107
KIC 6185717,54972.430554,11.7022037
KIC 6187341,54964.88641,0.984599
KIC 6187893,54954.087252,0.7891676
KIC 6191574,54964.878585,1.0345298
KIC 6191945,54968.529821,6.807377
KIC 6197038,54961.77658,9.7517082
KIC 6197319,54965.64962,1.6638044
KIC 6200709,55001.464543,3.72353
KIC 6205460,54956.455222,3.722832
KIC 6206751,54954.013099,1.2453335
KIC 6209347,55004.482164,2.1365771
KIC 6209824,54954.933021,1.2629743
KIC 6213131,55002.076566,0.5614165
KIC 6220470,54969.504565,8.144136
KIC 6220497,55000.313265,1.3231671
KIC 6223646,54953.711109,0.3649341
KIC 6224853,55000.078797,0.5360475
KIC 6227560,55187.672503,4.8035123
KIC 6228703,54955.056337,8.4004137
KIC 6231401,54970.586944,6.0919556
KIC 6233466,55008.613065,15.8733069
KIC 6233903,55001.719115,5.9908477
KIC 6262882,54965.111503,0.9965008
KIC 6264091,54964.640434,0.3250179
KIC 6265720,54964.727675,0.3124277
KIC 6267702,54999.949686,0.2831963
KIC 6268722,54955.449481,2.638433
KIC 6279974,54965.09688,0.8052593
KIC 6281103,54964.870623,0.3632807
KIC 6283224,55003.357462,0.7664732
KIC 6286155,54999.666345,14.5418297
KIC 6286161,54999.765372,14.5417852
KIC 6286402,54964.71163,0.3433205
KIC 6287172,54953.651911,0.2038732
KIC 6290382,54970.027986,6.128161
KIC 6290740,54994.495729,15.1518271
KIC 6292925,54999.63755,13.6123475
KIC 6301030,55000.247999,11.9911576
KIC 6302051,54953.667645,0.6658734
KIC 6302592,54965.209605,1.5780237
KIC 6305192,54997.563107,8.0251572
KIC 6311637,54954.380904,1.6208134
KIC 6311681,54967.214653,0.8447864
KIC 6312521,55002.107084,3.0155492
KIC 6314173,55001.65428,1.433263
KIC 6344429,54999.948235,0.4084591
KIC 6350020,54964.613787,0.2417928
KIC 6353203,54954.104166,0.5085044
KIC 6359771,54964.976479,0.4060683
KIC 6359798,54959.543281,14.1540383
KIC 6362386,54956.954223,4.5924016
KIC 6363494,55003.946981,1.8156334
KIC 6365321,54964.887524,0.8484849
KIC 6367628,54957.352101,3.7796922
KIC 6368316,54964.637347,0.3385051
KIC 6370120,54964.641692,1.354777
KIC 6370361,54953.659559,0.4549104
KIC 6370665,54965.405285,0.9323156
KIC 6372268,54966.725142,5.2200466
KIC 6387450,54968.269124,3.6613261
KIC 6387887,54999.968602,0.2169003
KIC 6390205,54964.657643,0.4494018
KIC 6421188,54969.287716,16.4343542
KIC 6421483,54954.096898,2.1584021
KIC 6424124,54964.891371,0.385528
KIC 6431545,54964.589641,0.3168339
KIC 6432059,54964.7543,0.7697398
KIC 6436038,55002.127347,0.3763072
KIC 6443392,54953.619364,0.7769761
KIC 6443538,54999.778242,6.2614461
KIC 6446219,54964.952724,0.4448055
KIC 6447430,54954.148049,1.160002
KIC 6448768,54981.090131,16.4867982
KIC 6449358,54955.07341,5.7767904
KIC 6452742,54965.553936,1.3755444
KIC 6462057,54954.018541,0.478716
KIC 6464285,54964.946805,0.8436513
KIC 6466939,54964.90023,2.2858938
KIC 6467389,54953.686178,0.288976
KIC 6468938,54961.234627,7.2170122
KIC 6469946,55003.342964,0.7158021
KIC 6470516,55002.256848,2.0804309
KIC 6471048,54953.685654,0.297228
KIC 6504095,54964.632606,0.3067755
KIC 6507541,54964.69946,0.3272123
KIC 6516874,55001.920115,0.9163269
KIC 6521542,54965.681641,4.4257541
KIC 6522750,54968.745463,17.4456414
KIC 6523216,54956.906624,14.3131559
KIC 6525196,54954.352139,3.4206042
KIC 6526545,54963.784265,2.1014179
KIC 6531485,54964.798481,0.6769904
KIC 6531496,55011.179978,14.3239139
KIC 6543674,54965.303847,2.3910305
KIC 6545018,54965.835642,3.9914603
KIC 6546508,55189.794079,6.1070571
KIC 6548447,54955.257314,10.7683785
KIC 6549491,54964.73373,0.7646535
KIC 6579806,54967.08592,9.8804825
KIC 6591789,54967.354443,5.0884095
KIC 6593363,54972.256833,18.5278243
KIC 6593575,54964.829012,0.3457439
KIC 6594972,54965.985195,10.8191714
KIC 6595662,54965.597778,2.6805144
KIC 6599919,54843.666732,13.6101053
KIC 6603756,54968.885056,5.2042833
KIC 6606282,54965.435543,2.1070998
KIC 6606653,54965.284591,2.6980238
KIC 6610219,54962.134169,11.3009948
KIC 6613627,55115.344848,0.1507996
KIC 6614926,54966.327253,3.0267648
KIC 6615041,54964.806732,0.3400853
KIC 6620003,54966.31524,3.4285506
KIC 6628237,54968.139103,3.8401292
KIC 6629332,54968.730786,4.3105565
KIC 6629588,54966.783103,2.2644714
KIC 6631721,54967.429814,13.7382835
KIC 6633929,54950.066672,0.3589077
KIC 6634112,54966.846749,9.942229
KIC 6665064,54964.697452,0.6983698
KIC 6669809,54953.998571,0.7337378
KIC 6670812,55001.46173,1.7418136
KIC 6671698,54954.077303,0.4715248
KIC 6675060,54997.959235,10.4433279
KIC 6677225,54964.733473,0.5250272
KIC 6689368,54954.343791,1.2701142
KIC 6692340,54954.126755,0.6748494
KIC 6693555,54997.298851,10.8749883
KIC 6694186,54957.053147,5.5542237
KIC 6695510,55001.716302,2.1729669
KIC 6695889,54965.373754,1.1065608
KIC 6697716,54965.580655,1.443249
KIC 6698670,54962.075695,10.8158902
KIC 6699679,54953.612834,0.2012033
KIC 6706287,54966.387341,2.5353877
KIC 6707942,55000.607445,9.0142
KIC 6756669,54965.860764,5.8515322
KIC 6758917,54966.86979,2.2361019
KIC 6762188,54967.001224,7.155502
KIC 6762829,54971.667903,18.7952663
KIC 6766325,54964.712111,0.4399657
KIC 6766748,54969.012548,7.0028651
KIC 6775034,55005.339857,10.0285473
KIC 6778050,54965.564982,0.945828
KIC 6781535,54971.834534,9.1220856
KIC 6791604,54964.682474,0.5288055
KIC 6794131,54954.308318,1.6133285
KIC 6803335,54954.334913,1.1108525
KIC 6805146,54956.568667,13.7797021
KIC 6805779,55000.932684,0.8019212
KIC 6806632,54973.97478,9.4691573
KIC 6836140,54964.661378,0.487721
KIC 6841577,54973.272656,15.5375346
KIC 6842345,55010.171917,17.3816119
KIC 6843507,54964.768043,0.3431821
KIC 6844489,54965.376438,1.0797603
KIC 6847018,54958.523585,16.6621665
KIC 6849046,54966.334555,4.225385
KIC 6852488,54966.937685,2.1720406
KIC 6853229,55002.043939,0.4261115
KIC 6859813,54954.793569,10.8824223
KIC 6862603,55004.64563,2.8611663
KIC 6863161,55004.056778,1.9866388
KIC 6863229,54954.485937,1.9949205
KIC 6863840,54964.745869,3.8527339
KIC 6865626,54964.842153,0.7267678
KIC 6866228,54970.562764,7.7023697
KIC 6867766,54969.142306,12.9647248
KIC 6880727,54965.032712,0.4127365
KIC 6881709,55003.281167,6.7411163
KIC 6889235,54956.285879,5.18867
KIC 6891512,54955.20628,3.5051258
KIC 6927629,54968.343029,7.7352283
KIC 6929869,55000.093721,0.283692
KIC 6934587,54954.476823,1.5709187
KIC 6939670,54968.201068,4.2388552
KIC 6948815,55000.4341,1.5415306
KIC 6949550,54969.587142,7.8410674
KIC 6956014,54954.559115,1.8511821
KIC 6956216,54998.410568,4.81883
KIC 6960446,54999.452809,10.149
KIC 6962018,54965.073843,1.2698936
KIC 6964043,55292.008176,5.3625822
KIC 6964796,54964.683664,0.3999658
KIC 6965293,54957.473848,5.0778199
KIC 6966265,54964.757106,0.3134353
KIC 7009828,54968.123854,10.6424535
KIC 7013934,54953.767682,0.6413681
KIC 7021177,55017.497406,18.6453284
KIC 7023917,54953.888778,0.772842
KIC 7025540,55279.406534,2.1482069
KIC 7025851,55000.868483,4.681
KIC 7033748,54968.71307,4.3927102
KIC 7035139,54964.871775,0.3097412
KIC 7037319,54965.123496,0.5781095
KIC 7037540,55294.236375,14.4059109
KIC 7038831,55000.03273,0.6272909
KIC 7039026,54996.118502,9.9439292
KIC 7041856,54999.450276,4.0006688
KIC 7051984,54964.539453,0.6781334
KIC 7060333,55005.617622,2.5272477
KIC 7091476,54954.384662,0.8077356
KIC 7097571,54954.495717,2.2139641
KIC 7107567,55000.300464,0.8125981
KIC 7108433,54999.851991,1.519188
KIC 7117153,55003.165289,0.3595289
KIC 7117541,55003.069603,1.5856743
KIC 7118545,54977.695194,14.7972189
KIC 7118621,54964.861971,0.3705528
KIC 7118656,54964.747849,0.3213551
KIC 7119757,54965.303131,0.7429222
KIC 7119876,54964.657436,0.3663645
KIC 7125636,54965.066874,6.4906615
KIC 7128918,54970.15678,7.1187988
KIC 7129465,54966.17109,5.4918221
KIC 7130044,54964.695612,0.297665
KIC 7137798,54954.217705,2.2535374
KIC 7173910,54964.706068,0.4022438
KIC 7174349,55001.193215,2.97414
KIC 7174617,54966.186266,1.6083773
KIC 7176440,54964.566395,0.3582708
KIC 7177553,54954.545842,17.9964667
KIC 7177892,54954.651393,1.3862494
KIC 7186665,54970.220495,8.559396
KIC 7198474,55000.068173,0.2423046
KIC 7199183,55002.030763,0.324092
KIC 7199353,54964.814394,0.2819867
KIC 7199774,54955.947027,4.7081278
KIC 7200102,54972.573371,14.6657571
KIC 7203179,54955.035403,2.2457388
KIC 7204041,54953.965533,0.3316792
KIC 7212066,55186.355299,3.8404858
KIC 7212722,54965.310995,2.3161718
KIC 7217866,54964.726511,0.4071573
KIC 7220320,55000.142187,0.7521576
KIC 7255336,54954.897166,2.4064022
KIC 7257373,54955.658432,10.4669018
KIC 7258889,54965.003774,0.9039046
KIC 7259722,55008.819044,9.6332256
KIC 7259917,54953.806646,0.3846789
KIC 7269493,54964.636147,1.9078056
KIC 7269797,54964.708488,0.2817924
KIC 7269843,54964.567796,0.2682156
KIC 7270230,54997.900966,6.9980904
KIC 7272739,54964.852294,0.2811646
KIC 7273033,55002.048055,0.3050331
KIC 7280704,54953.70694,0.3243504
KIC 7282128,54964.935701,0.3470502
KIC 7284688,54953.678043,0.6460432
KIC 7287391,55186.181528,4.2860997
KIC 7289157,54969.976049,5.2658073
KIC 7295570,54964.646481,3.60377
KIC 7296094,55000.509656,0.8907493
KIC 7304911,54954.045742,0.6255508
KIC 7335517,55001.920777,0.2745039
KIC 7336754,54966.766309,12.1552451
KIC 7339123,54953.720417,0.3471032
KIC 7339345,54964.777196,0.2596643
KIC 7348206,54964.899837,0.4012047
KIC 7350038,55004.470351,13.8299417
KIC 7362696,54967.821893,4.9313003
KIC 7362751,54964.744492,0.338249
KIC 7362852,54968.320254,7.0367139
KIC 7365447,54999.742546,2.5253879
KIC 7366145,54964.902956,0.8643608
KIC 7367833,54964.861266,0.2861988
KIC 7368103,54965.354015,2.1825147
KIC 7368451,54953.941515,0.3733774
KIC 7369523,54966.319987,5.3188369
KIC 7373255,54997.976421,13.6611061
KIC 7373555,54964.766804,0.5366747
KIC 7374746,55186.649269,2.7338924
KIC 7375612,54953.638704,0.1600729
KIC 7376500,55004.655794,5.877128
KIC 7376983,55189.737655,5.6449249
KIC 7377033,54968.471285,3.9136205
KIC 7377343,55000.294539,15.9089508
KIC 7378178,55001.837575,0.6242687
KIC 7382250,54954.984264,1.4187322
KIC 7383021,55000.2699,0.4660608
KIC 7385478,54954.534784,1.6554777
KIC 7387296,54955.333002,2.5795445
KIC 7422883,54958.945233,11.4145336
KIC 7431703,54953.887641,0.5725258
KIC 7432479,55000.077595,0.4084587
KIC 7433513,54965.256118,0.701119
KIC 7440742,54949.928411,0.2839922
KIC 7449844,54965.124308,1.1522182
KIC 7455553,54970.900122,6.5164972
KIC 7457163,54954.116481,0.7746042
KIC 7458285,54964.86363,0.6606276
KIC 7466863,54968.164226,11.9711385
KIC 7501230,54954.447274,0.8927503
KIC 7506164,54964.902669,0.5580129
KIC 7506446,54964.894098,0.3525999
KIC 7511416,54998.05123,5.5908551
KIC 7512381,54953.969873,0.4239248
KIC 7515679,54998.132442,5.5904352
KIC 7516345,54964.910393,0.4918701
KIC 7518816,54953.691277,0.46658
KIC 7523733,55120.563191,3.1211588
KIC 7529123,54964.931515,0.3500776
KIC 7532973,54954.115572,2.1446323
KIC 7533807,54964.669469,0.3168451
KIC 7542091,54953.873119,0.3904993
KIC 7546429,55001.918456,0.3521208
KIC 7546791,54964.604015,0.2423615
KIC 7549265,55113.97261,1.9624315
KIC 7552344,54964.948438,2.0014812
KIC 7584739,54954.431499,0.9115578
KIC 7584826,54965.08065,0.622309
KIC 7590728,54999.945566,0.4767224
KIC 7591456,55004.54747,5.8357507
KIC 7593110,54999.192999,3.5493836
KIC 7597095,54964.709147,0.3012058
KIC 7597703,54971.603046,9.2178033
KIC 7599004,54998.369195,4.8228925
KIC 7601633,54964.731428,15.6638729
KIC 7601767,55000.024406,0.4867339
KIC 7605600,55006.242491,3.3261926
KIC 7610340,55000.210814,1.5176953
KIC 7610486,54964.753541,0.4576793
KIC 7620664,54965.290789,0.6837179
KIC 7622059,54971.127861,10.4032616
KIC 7622486,54966.637743,2.279996
KIC 7624297,54981.666613,18.019652
KIC 7627059,55002.006219,0.3236502
KIC 7630658,55003.285035,2.1511347
KIC 7630690,54954.581174,0.8865633
KIC 7657914,54953.980579,0.4745462
KIC 7660607,54954.588856,2.7634013
KIC 7670485,54972.41132,8.4677064
KIC 7671594,54965.399363,1.4103475
KIC 7672068,55005.325304,16.8361771
KIC 7676610,54954.637879,1.2256754
KIC 7678434,55005.61689,10.3716917
KIC 7680593,54964.777089,0.2763915
KIC 7681230,54965.419533,0.962591
KIC 7684873,54954.426357,2.9473627
KIC 7685689,55001.994674,0.3251596
KIC 7686918,55002.15492,2.5188342
KIC 7690843,54954.158345,0.7862605
KIC 7691527,54968.782328,4.8002308
KIC 7691553,54964.870939,0.3483078
KIC 7695093,54966.30036,4.032768
KIC 7696778,55000.007202,0.3312357
KIC 7697065,54964.749102,0.2727656
KIC 7698650,54965.214379,0.5991551
KIC 7700181,54964.820489,0.3636985
KIC 7700578,54999.752086,1.507106
KIC 7707742,54999.750847,0.7583544
KIC 7708193,54999.609561,7.94245
KIC 7709086,54964.840111,0.4094746
KIC 7732791,55004.05764,2.0641347
KIC 7733540,54964.614024,0.7725821
KIC 7733731,54968.152089,4.858095
KIC 7740302,54953.656746,1.1535089
KIC 7740566,55113.454311,0.2970627
KIC 7744173,54964.747571,0.3985279
KIC 7748113,54954.144474,1.7346626
KIC 7749504,55007.851201,0.5662444
KIC 7750740,54967.31795,5.8741978
KIC 7751562,54975.425584,17.0421586
KIC 7763269,54999.126953,6.4079292
KIC 7765894,54956.979904,3.204542
KIC 7766185,54954.554702,0.8354573
KIC 7767559,54965.209607,4.409409
KIC 7767774,55007.740259,0.1733883
KIC 7769072,54965.049919,0.6088629
KIC 7770471,55000.182569,1.1578046
KIC 7773380,54964.888998,0.3075778
KIC 7777443,54954.257271,0.8851249
KIC 7778437,54966.173727,5.0142324
KIC 7798259,54965.832558,1.7342219
KIC 7802136,54970.136872,10.9802457
KIC 7811211,54964.823839,0.9024056
KIC 7812175,55002.612666,17.7939247
KIC 7812455,54964.877627,0.9035823
KIC 7816201,54954.116438,0.574957
KIC 7816680,55007.696294,8.5851984
KIC 7818448,54964.591429,0.6189517
KIC 7821450,54964.681405,0.3147619
KIC 7830321,54966.710252,2.0273963
KIC 7830460,54957.418154,3.3977502
KIC 7831363,54965.974532,2.817258
KIC 7833144,55001.231654,2.2477336
KIC 7835348,54965.173557,0.6640618
KIC 7836330,55147.869732,0.6583898
KIC 7838639,54965.330223,4.2263951
KIC 7838906,54954.608354,5.6149488
KIC 7839027,54964.819304,0.7206929
KIC 7840035,55004.085454,13.5421
KIC 7842610,54964.90968,1.9438654
KIC 7846730,54958.938351,11.0282266
KIC 7871200,54953.67732,0.2429038
KIC 7877062,54964.778743,0.3036515
KIC 7877824,55186.362598,9.4494257
KIC 7878402,54964.735173,0.3743508
KIC 7879399,55075.819465,0.392697
KIC 7881722,54954.118369,0.9532893
KIC 7884426,54964.67495,0.2967316
KIC 7884842,54954.893014,1.3145477
KIC 7885570,54955.158437,1.7293366
KIC 7886329,54953.641411,0.5674939
KIC 7889628,54964.7903,0.3423961
KIC 7890379,55000.252101,0.3451272
KIC 7898576,55003.002904,8.6468983
KIC 7905209,55115.237996,0.4195543
KIC 7907688,55000.020979,4.3448368
KIC 7914906,54962.971405,8.7529074
KIC 7919653,54965.674654,4.2104773
KIC 7936219,54964.800549,0.3855983
KIC 7938468,54969.160851,7.2269508
KIC 7938870,54953.693993,0.5807261
KIC 7940533,54954.622194,3.9055972
KIC 7941050,54964.782894,0.2979811
KIC 7941635,54965.413382,0.7627242
KIC 7943535,54957.075209,4.719339
KIC 7943602,54967.665197,14.6920163
KIC 7947631,54966.96066,2.5165557
KIC 7950775,54962.607133,8.9666113
KIC 7950962,54953.819202,0.8269566
KIC 7950964,55001.780307,0.8269566
KIC 7953796,54964.843665,0.3175482
KIC 7955301,54968.272901,15.3244193
KIC 7959612,55000.095587,0.2432138
KIC 7960547,54968.264782,6.7673409
KIC 7967100,54965.366145,1.9272951
KIC 7968880,54965.165152,1.773919
KIC 7970629,54966.523747,2.0510691
KIC 7970760,54957.45687,7.649413
KIC 7972785,54966.565917,7.3007334
KIC 7973882,54964.606433,0.3466342
KIC 7973970,54997.201704,9.479933
KIC 7975824,55000.053919,0.4037503
KIC 7976783,54954.260728,1.2088516
KIC 7977261,54954.341041,0.9258122
KIC 7985167,54954.200481,1.384478
KIC 7987749,54978.541993,17.030854
KIC 8004839,54964.956346,0.3437639
KIC 8008128,54969.559016,14.8544154
KIC 8013439,54970.927994,8.2562148
KIC 8016211,54966.752677,3.1748862
KIC 8016214,54966.725645,3.1749714
KIC 8019043,54954.018799,1.9855864
KIC 8023317,54979.733478,16.5790023
KIC 8028158,55110.129439,0.2710391
KIC 8029708,55000.601078,0.3135574
KIC 8039225,54955.658364,1.7941273
KIC 8043714,55008.099269,6.814989
KIC 8043961,54954.555903,1.5592121
KIC 8045121,54953.761215,0.2631774
KIC 8053107,54964.719712,0.3888709
KIC 8059303,54953.882602,0.3734259
KIC 8074045,54964.970275,0.5363932
KIC 8075618,54970.923039,17.5612071
KIC 8081389,54965.004201,1.4894405
KIC 8081482,54966.868734,2.8194565
KIC 8087799,54999.919751,0.9262976
KIC 8088354,54965.604098,2.8978298
KIC 8094140,54965.145978,0.7064291
KIC 8095099,54965.867114,4.2064786
KIC 8097553,54999.906547,0.3912358
KIC 8097825,54954.882686,2.9368523
KIC 8097902,54999.994061,0.3315636
KIC 8098300,54956.737583,4.3059177
KIC 8099615,55007.678943,1.9007172
KIC 8108785,54964.6407,0.2288269
KIC 8111381,54965.487904,2.2337949
KIC 8111387,54954.300944,1.2735971
KIC 8111622,54978.533359,15.4460592
KIC 8112013,54955.194701,1.7905182
KIC 8112324,54964.921809,0.5759253
KIC 8113154,54953.878234,2.5868779
KIC 8122124,54964.612833,0.2492776
KIC 8123430,55000.824704,11.16999
KIC 8127648,54999.496876,2.0469445
KIC 8128067,54966.771323,12.429647
KIC 8128965,54971.006776,7.1403779
KIC 8143757,54964.839296,0.3565228
KIC 8145477,54965.076195,0.5657843
KIC 8145789,54964.956491,1.6706295
KIC 8151107,55010.277304,18.0013083
KIC 8153568,54999.289794,3.6071431
KIC 8155368,54964.89203,0.7186437
KIC 8166095,55000.088895,0.799127
KIC 8167938,55002.144961,2.5657024
KIC 8167938,55002.141385,2.5657176
KIC 8176653,54969.948836,2.8666777
KIC 8177798,55095.50322,2.9004122
KIC 8177958,54954.774861,1.2352564
KIC 8179747,54969.948861,17.9462768
KIC 8180020,55067.750206,5.8031256
KIC 8182360,55000.391925,0.6951457
KIC 8183540,55000.676717,0.6842068
KIC 8183850,54953.664427,0.3983589
KIC 8189196,55006.353323,2.304138
KIC 8190491,54965.196015,0.7778768
KIC 8190613,54964.800952,0.3325852
KIC 8192840,54965.014895,0.4335491
KIC 8193315,54967.004069,2.6238741
KIC 8195877,54955.144432,1.5102001
KIC 8196180,54954.075157,3.6716611
KIC 8197368,54995.741398,9.0878567
KIC 8197406,55019.208811,2.5130061
KIC 8211618,55000.238288,0.3374436
KIC 8211824,55000.4806,0.8411262
KIC 8218274,54965.27773,1.1873525
KIC 8219268,54969.380606,6.2467298
KIC 8222813,55190.548069,8.7042122
KIC 8222945,54964.704201,0.4511233
KIC 8229048,54964.930001,5.4789525
KIC 8230809,54973.317215,4.0783467
KIC 8230815,54953.680087,0.3452189
KIC 8231231,54954.089687,0.7116099
KIC 8231877,54964.775873,2.6155284
KIC 8234477,54966.956865,4.0286719
KIC 8240109,54955.985319,2.3011884
KIC 8240861,55000.000664,0.8984997
KIC 8241079,55000.009202,10.9191173
KIC 8241252,54964.64794,0.3540438
KIC 8242350,54958.005866,6.9935555
KIC 8242493,54964.621844,0.2832856
KIC 8242681,54966.637566,4.020629
KIC 8243263,54966.833553,3.5185527
KIC 8244173,55185.699534,2.1841323
KIC 8245326,55001.985218,0.3307674
KIC 8248812,54964.767313,0.685366
KIC 8257903,54965.057663,0.515065
KIC 8262223,54955.070513,1.6130147
KIC 8263746,55004.767535,10.9938362
KIC 8263752,54993.7945,10.9938022
KIC 8263940,54965.133991,0.5154949
KIC 8264097,54999.797834,2.89747
KIC 8264510,55003.229908,5.6867594
KIC 8264534,54954.8728,1.415798
KIC 8265951,54954.244147,0.7799575
KIC 8279765,54965.474177,2.7577936
KIC 8280135,54964.797973,0.286885
KIC 8285254,54970.780437,7.5358961
KIC 8285349,54953.778822,0.6671103
KIC 8285970,54964.764619,0.5624879
KIC 8288719,54954.623216,1.5100967
KIC 8288741,55000.119225,0.2197664
KIC 8294484,54999.83932,1.0127395
KIC 8296467,54970.167546,10.3033555
KIC 8298344,54964.796026,0.3028751
KIC 8299947,54999.438436,5.3656
KIC 8301013,54957.310989,4.4280594
KIC 8302455,54957.805712,4.8839763
KIC 8309175,54964.74857,0.2995914
KIC 8311255,54964.763804,0.5791159
KIC 8312222,54969.176413,12.8232756
KIC 8314879,54999.845981,0.8777596
KIC 8316503,54967.98115,5.0653297
KIC 8323764,55000.884655,6.714245
KIC 8328376,55000.221037,4.3459671
KIC 8330092,54964.942348,0.3217236
KIC 8330575,54964.77353,1.9141584
KIC 8345358,54965.557875,9.3806332
KIC 8356054,55282.974394,17.0812314
KIC 8358008,54968.250259,10.0646892
KIC 8360184,54964.847229,0.484545
KIC 8364119,54955.515059,7.7359104
KIC 8365739,54976.979013,2.3892922
KIC 8367007,54964.933977,0.251616
KIC 8374499,54969.740178,5.2519183
KIC 8378656,54967.700484,3.6294401
KIC 8379547,54959.161582,6.0420394
KIC 8380743,55000.734331,2.0377195
KIC 8381592,55006.693969,5.7841801
KIC 8382182,54965.480967,1.2587141
KIC 8386048,55000.20769,0.8174223
KIC 8386198,54956.561538,2.5811087
KIC 8386865,54953.926763,1.2580412
KIC 8394040,54964.878453,0.3021265
KIC 8397460,54954.900654,1.4189566
KIC 8397675,54953.720983,0.5532589
KIC 8409588,54953.717638,1.360837
KIC 8411947,54966.03288,1.7976748
KIC 8414159,54975.852889,11.9311328
KIC 8428136,55000.010912,0.4681444
KIC 8429415,55000.190868,1.3525754
KIC 8429450,54954.217684,2.7051426
KIC 8429817,54967.897014,6.2634947
KIC 8430210,54966.008067,1.9754592
KIC 8431389,54964.949522,0.3510926
KIC 8432040,55095.498914,5.327758
KIC 8432859,55000.451536,0.3511705
KIC 8435247,55288.00238,0.6961296
KIC 8444552,54964.589475,1.1780996
KIC 8452840,54954.148064,1.2011596
KIC 8453191,54976.094839,11.5535307
KIC 8453324,54958.728589,2.5245437
KIC 8454250,54954.99197,5.0828695
KIC 8455359,55002.026589,2.9636783
KIC 8456774,54998.605241,2.8863398
KIC 8456998,54961.709393,7.5315115
KIC 8458207,54967.774915,3.5301622
KIC 8460600,54967.206457,6.3520872
KIC 8479107,54964.817985,0.7675766
KIC 8479386,54973.703543,11.7207557
KIC 8481574,54964.728369,0.3268648
KIC 8488876,54958.377657,5.8018811
KIC 8495415,54966.667498,2.2372185
KIC 8496820,54953.98272,0.4369669
KIC 8504570,54955.77716,4.0077046
KIC 8508485,55005.644464,12.5957956
KIC 8509346,54968.521635,6.0990331
KIC 8523194,54954.22374,0.8785327
KIC 8539720,54953.983567,0.7444991
KIC 8539850,54964.745399,0.6421045
KIC 8543278,54968.010552,7.5492999
KIC 8545456,54953.665175,0.3152045
KIC 8548416,54954.934698,1.1636482
KIC 8552540,54954.105667,1.0619343
KIC 8553788,54954.997634,1.6061632
KIC 8554005,54954.006655,0.6083407
KIC 8554498,54999.437661,4.7803211
KIC 8555573,54964.830102,0.3263619
KIC 8555795,55000.099196,0.2345234
KIC 8561192,55001.352936,2.7425932
KIC 8563964,54953.843362,0.3384363
KIC 8564672,55063.217627,0.4347912
KIC 8565912,55000.334268,1.0121736
KIC 8574270,54972.696614,15.1201897
KIC 8579707,54953.85171,0.7885922
KIC 8579812,55000.069192,0.6610619
KIC 8580438,54968.467897,6.4960325
KIC 8581658,54956.737784,3.4816575
KIC 8587078,55000.262147,0.5841474
KIC 8587792,54953.660533,0.3681687
KIC 8589754,55001.77797,8.9393811
KIC 8590527,54953.870653,0.73977
KIC 8590780,54960.864402,8.653893
KIC 8604993,54967.018723,6.5704209
KIC 8608310,54964.955191,0.9503824
KIC 8608490,54965.473637,1.08281
KIC 8616873,54964.802731,0.5760788
KIC 8618226,54970.650002,5.8820362
KIC 8620561,55002.205025,0.7820467
KIC 8621026,54954.009536,4.0594287
KIC 8621353,55005.848346,11.3443514
KIC 8624520,55005.631953,10.2405936
KIC 8624778,55000.117411,0.2762617
KIC 8625469,55000.520801,0.3022458
KIC 8626039,55000.051783,0.2828906
KIC 8647309,55000.112942,1.0220371
KIC 8652599,54955.141476,1.3609932
KIC 8654097,55003.400402,3.0415903
KIC 8669092,54954.28886,1.0008312
KIC 8677949,55001.951829,0.2849507
KIC 8678664,55012.776741,15.4204002
KIC 8682849,55003.039756,0.3525548
KIC 8685306,54954.092069,0.8080821
KIC 8687088,54965.215702,0.9050307
KIC 8690104,54964.833394,0.4087744
KIC 8694926,55000.015425,0.3714863
KIC 8695779,55006.674439,10.2389391
KIC 8696274,54964.693053,0.3914865
KIC 8696327,55000.020604,0.8792289
KIC 8696442,54996.162544,12.3605529
KIC 8700558,55006.496825,4.7918146
KIC 8701327,54954.075179,8.5088412
KIC 8703528,54953.967981,0.3998748
KIC 8703887,55008.607704,14.17098
KIC 8707639,55098.72857,7.7851957
KIC 8711548,54982.814672,18.778161
KIC 8715667,54964.914772,0.4057079
KIC 8719324,55003.805236,10.2326979
KIC 8719419,54998.307222,12.6253361
KIC 8719897,54955.237444,3.1514245
KIC 8736072,54999.909231,0.4776316
KIC 8736245,54969.01191,5.0694815
KIC 8739802,55001.999865,0.2745129
KIC 8746310,54969.021701,6.8556244
KIC 8758161,54953.832607,0.9982176
KIC 8758716,54953.672989,0.1072049
KIC 8780968,55004.660489,5.2344872
KIC 8784288,54965.264718,3.655118
KIC 8800998,54965.514052,0.8828148
KIC 8801343,54953.850472,2.7398739
KIC 8804824,54964.699845,0.4574038
KIC 8816790,55001.99946,0.2458562
KIC 8822555,55000.236074,0.8528415
KIC 8823397,54953.93925,1.5065038
KIC 8823666,54953.890383,0.4324514
KIC 8841616,54954.481133,1.6795854
KIC 8842170,54999.989323,0.3493917
KIC 8845221,54966.744423,5.4034624
KIC 8846978,54954.87366,1.3790604
KIC 8848104,54964.625931,0.8248518
KIC 8848271,54970.443168,9.991665
KIC 8848288,55038.387164,5.5664753
KIC 8868649,55731.793035,4.447441
KIC 8868650,54957.950912,4.4473818
KIC 8869680,55007.145318,7.033951
KIC 8872737,54964.789667,0.4590988
KIC 8878681,54955.218659,2.4963331
KIC 8878719,54964.675651,0.3646346
KIC 8879427,54969.85316,16.3132849
KIC 8879915,54965.531246,3.442627
KIC 8891278,54993.273576,12.7187094
KIC 8892722,55002.034029,1.794378
KIC 8892910,54966.031133,10.810134
KIC 8893936,54968.941174,4.2444806
KIC 8894630,54954.049453,1.0840008
KIC 8904448,54965.055247,0.8659827
KIC 8906039,54954.933889,2.3474789
KIC 8906676,54958.852921,8.2095139
KIC 8908102,54969.704621,5.4145819
KIC 8912468,54953.576945,0.094838
KIC 8912911,55004.180169,3.4635603
KIC 8913061,54954.108073,1.0199706
KIC 8934111,54964.592316,0.3645183
KIC 8935352,55001.193612,10.9088
KIC 8937019,55000.865062,5.6636524
KIC 8938628,54966.603088,6.8622157
KIC 8939650,54965.82066,3.6553208
KIC 8940961,54966.960335,3.1666696
KIC 8948424,54965.36037,5.8888397
KIC 8949316,54964.687795,0.6043566
KIC 8953059,54969.868726,5.4999401
KIC 8953257,54965.919288,3.2217848
KIC 8953296,54965.226457,0.7842945
KIC 8953426,54953.954513,5.3317509
KIC 8956957,54964.745506,0.3243816
KIC 8957887,54964.883007,0.3473549
KIC 8957954,54967.308458,4.3598503
KIC 8958670,54954.249347,2.4253165
KIC 8971432,54964.79479,0.6243873
KIC 8972908,55092.58974,4.2001251
KIC 8977179,54966.109504,3.1962424
KIC 8977390,54954.156954,0.6532608
KIC 8982501,55000.141012,0.4144914
KIC 8982514,54953.928468,0.4144913
KIC 8984706,54965.323083,10.1354004
KIC 9001468,54975.726452,17.3299655
KIC 9002076,54953.989731,0.481405
KIC 9002237,54967.799459,4.3500882
KIC 9004380,54964.60001,0.2503325
KIC 9005043,55002.139462,0.320238
KIC 9005854,54968.458209,3.7804542
KIC 9007918,54954.746682,1.3872069
KIC 9020289,54964.859201,0.3840279
KIC 9020426,54965.445795,0.9133929
KIC 9021397,54964.808064,0.4262114
KIC 9025914,54998.832866,11.3203214
KIC 9026766,54964.846798,0.2721278
KIC 9027841,55001.924897,0.5040004
KIC 9028024,54968.540428,3.8578626
KIC 9029486,54965.329793,6.2771614
KIC 9030447,55066.558072,0.5666978
KIC 9030509,54964.962189,0.4017846
KIC 9030817,54966.356406,2.0262233
KIC 9032671,54953.798542,0.2496079
KIC 9048145,54970.340771,8.667826
KIC 9051716,55002.19995,1.3908162
KIC 9051723,54964.699116,0.4034483
KIC 9053086,55000.314343,1.2748413
KIC 9071104,54964.762894,0.3852134
KIC 9071373,54953.991362,0.421769
KIC 9071386,54955.78203,4.6933061
KIC 9075704,54999.890308,0.5131523
KIC 9077796,54964.645249,0.2380804
KIC 9083523,54954.484907,0.9184208
KIC 9084778,54964.649261,0.5922444
KIC 9085955,55002.043321,0.3592478
KIC 9087918,54964.861915,0.4456069
KIC 9091810,54953.601177,0.4797214
KIC 9092303,55000.755038,2.5771644
KIC 9094335,54964.693771,0.3407591
KIC 9097798,54964.721156,0.3340654
KIC 9098590,54966.729795,2.243571
KIC 9098810,54956.242092,8.258182
KIC 9101279,54965.932213,1.8114606
KIC 9101400,55000.941245,1.6580372
KIC 9108058,54999.729437,2.1749313
KIC 9108579,54954.99795,1.1696282
KIC 9110213,54964.662645,0.3370543
KIC 9110346,55002.219003,1.7905531
KIC 9119405,54972.09116,18.6463233
KIC 9119652,54964.698572,2.216238
KIC 9137992,54956.714718,1.4700455
KIC 9140402,54966.443667,2.4941656
KIC 9142964,54953.880266,0.5892528
KIC 9143254,54965.667429,2.2750493
KIC 9145707,54964.766143,0.3207706
KIC 9145846,54964.702271,0.2944796
KIC 9149789,54964.66868,0.7050231
KIC 9151972,54964.648083,0.3867961
KIC 9159301,54956.302809,3.0447704
KIC 9161428,55002.082455,0.3025934
KIC 9163674,55003.298001,1.546289
KIC 9164561,54965.255669,1.2670378
KIC 9164694,54965.29349,1.1113636
KIC 9166862,55003.679731,3.8555993
KIC 9178185,54966.295861,2.992707
KIC 9179531,54968.74294,6.5107804
KIC 9179806,54964.81227,0.2809633
KIC 9180282,54955.606831,3.0376007
KIC 9181877,54953.793919,0.3210098
KIC 9205993,55000.494728,1.2197374
KIC 9207508,54965.111536,2.0151524
KIC 9210828,54965.408832,1.6564127
KIC 9220600,54954.447384,0.9791626
KIC 9221398,54955.973793,13.78752
KIC 9228778,54954.088082,1.5665945
KIC 9236858,54954.319042,2.5370818
KIC 9237149,54964.960485,0.5263441
KIC 9237533,55004.717963,1.8686559
KIC 9237755,54964.777807,0.3316703
KIC 9238207,55001.966607,0.231353
KIC 9239684,54964.790149,0.2618159
KIC 9240664,54974.412905,10.784333
KIC 9243795,54957.947084,14.4431301
KIC 9245929,54964.742065,0.3083748
KIC 9266285,54965.572026,5.6138696
KIC 9268105,54964.797205,0.4256937
KIC 9272276,54953.698094,0.280613
KIC 9274472,54964.726022,0.3020905
KIC 9278021,54956.873159,3.3594715
KIC 9278553,54972.084282,18.610095
KIC 9282687,55000.611063,1.6804361
KIC 9283826,54953.798119,0.3565238
KIC 9285587,54999.546019,1.8119482
KIC 9288175,54964.740797,0.2609349
KIC 9288786,54965.763573,1.7441023
KIC 9290838,54964.747874,0.3630317
KIC 9291368,55002.319217,3.7964709
KIC 9291748,55009.301059,15.9269941
KIC 9307423,55001.997191,0.5586161
KIC 9328852,54964.886398,0.6458515
KIC 9343862,54999.850251,1.1232568
KIC 9344623,54972.781981,14.7594793
KIC 9345163,54964.757218,0.2451223
KIC 9345838,54954.532063,1.0458736
KIC 9346655,54965.122004,0.8716212
KIC 9347868,54964.835249,0.31847
KIC 9350889,54954.24165,0.725948
KIC 9353182,54959.0513,10.4762575
KIC 9353234,54965.431457,1.4865274
KIC 9356753,54953.947585,0.5926789
KIC 9357030,55001.917598,0.2804421
KIC 9357275,54954.065668,1.588298
KIC 9365025,54954.462569,0.9843043
KIC 9366988,55000.455947,1.21903
KIC 9388303,55002.002211,0.2667035
KIC 9389122,54964.907981,0.3499502
KIC 9392331,55000.339626,0.2617622
KIC 9392682,54954.624705,0.8929178
KIC 9392702,54964.893911,3.9093145
KIC 9394601,54955.415456,0.8768264
KIC 9402652,54954.289305,1.073104
KIC 9411317,54965.243657,8.290501
KIC 9411943,54967.087833,3.8440226
KIC 9412114,55001.893873,0.2502522
KIC 9412462,54965.527824,10.1865899
KIC 9414905,54964.709629,0.4565263
KIC 9418619,54955.121931,6.1502471
KIC 9419603,54964.960981,1.0524172
KIC 9426970,54999.4218,1.7711335
KIC 9446824,55004.107067,4.2023346
KIC 9450883,55001.995079,0.3636562
KIC 9451096,54954.729422,1.2503908
KIC 9451127,54967.585803,5.1174021
KIC 9451598,54964.808713,0.3623487
KIC 9453192,54964.88902,0.7188371
KIC 9466316,54964.896663,0.3525353
KIC 9468296,54965.278331,5.7488257
KIC 9468382,55002.914027,11.0824887
KIC 9468384,55579.196929,11.0825776
KIC 9470054,55003.412755,1.4732284
KIC 9470175,54964.841477,0.3038318
KIC 9472174,54953.643178,0.1257653
KIC 9474222,54966.790781,13.6917881
KIC 9474485,54965.292272,1.0251632
KIC 9475663,54953.842439,0.7080268
KIC 9478836,55002.132513,0.2540637
KIC 9479460,55000.844058,2.0738834
KIC 9480516,54954.296023,1.4298111
KIC 9480977,54954.427893,0.8710309
KIC 9481674,54964.799881,0.3888597
KIC 9489411,54971.104947,6.6889278
KIC 9508052,54964.649508,0.2799961
KIC 9508954,55002.29276,1.1006461
KIC 9509207,54954.547467,14.1998401
KIC 9512958,55005.742909,3.2371513
KIC 9514070,54999.793852,0.6072561
KIC 9519590,54964.676736,0.3308941
KIC 9520700,54966.617453,4.2736689
KIC 9527167,55002.154036,0.2808953
KIC 9528420,54967.152605,4.7084691
KIC 9529733,54967.076403,4.809132
KIC 9532123,55000.742539,8.215
KIC 9532219,55001.945386,0.1981551
KIC 9532421,55002.179801,4.309126
KIC 9532591,54964.788516,0.3583755
KIC 9533508,55002.057477,0.3735371
KIC 9533706,55002.123818,0.2841181
KIC 9536053,54965.040053,0.4721663
KIC 9540450,54966.75503,2.1547127
KIC 9541127,54953.97494,0.5366512
KIC 9544350,54966.047971,2.2597771
KIC 9549472,54965.097158,15.7137908
KIC 9551200,54964.905263,0.7119216
KIC 9552608,54959.154587,9.2506211
KIC 9552668,54955.628654,2.3873612
KIC 9569866,54964.755149,1.4803231
KIC 9574614,54965.685069,0.9820854
KIC 9576197,54969.194149,7.9644342
KIC 9579192,54960.531202,12.0835421
KIC 9579499,54970.156681,7.9467154
KIC 9592145,54965.015451,0.4888674
KIC 9592575,55186.130893,2.6375751
KIC 9592705,54969.172625,10.275301
KIC 9592855,54953.971963,1.2193248
KIC 9593528,54965.36556,1.8866281
KIC 9593759,54999.034886,2.4943179
KIC 9596187,54964.68754,0.9533167
KIC 9597095,54967.452823,2.7456399
KIC 9597411,54965.577388,1.5756316
KIC 9602542,54965.336523,1.4631744
KIC 9602595,54955.853445,3.5565084
KIC 9612468,54953.603803,0.1334715
KIC 9613070,55000.262541,2.3318534
KIC 9635529,54957.860296,4.70391
KIC 9636559,55004.655356,10.6367
KIC 9637239,54954.062934,0.7730257
KIC 9637265,55002.700185,1.8554529
KIC 9637299,54965.73827,1.8824412
KIC 9639265,54964.80821,0.5063531
KIC 9639491,54964.925448,0.3445456
KIC 9640985,54965.015174,2.1781536
KIC 9641018,54965.021796,2.1781552
KIC 9641031,54954.132713,2.1781543
KIC 9641255,54965.035651,2.1781483
KIC 9642018,54964.767254,0.505111
KIC 9644680,54964.702637,0.5859408
KIC 9649222,54965.923938,5.9186193
KIC 9649493,54953.79705,0.3715687
KIC 9651298,55001.718984,2.1551199
KIC 9652632,54955.175512,4.9776238
KIC 9654476,54964.624783,0.3963239
KIC 9655129,54966.758434,2.7439966
KIC 9655187,54953.965948,4.4162465
KIC 9656543,55002.402881,2.544565
KIC 9657096,54954.805351,2.1381817
KIC 9662581,55002.116224,0.2580109
KIC 9664215,54964.925032,3.3194959
KIC 9664382,54999.946674,0.290754
KIC 9665086,55000.079903,0.2965356
KIC 9665503,54970.340042,11.5679789
KIC 9674608,54966.249362,2.9720448
KIC 9692336,55000.366656,0.6878983
KIC 9700154,54964.788932,0.2572534
KIC 9700181,55115.077295,2.8486181
KIC 9701423,55002.826201,8.6073975
KIC 9702641,54964.962564,0.5031783
KIC 9703626,54999.928395,0.4151477
KIC 9705459,54969.595993,2.4865871
KIC 9706078,54954.137288,0.6135606
KIC 9711751,54965.35642,1.7115003
KIC 9711769,54971.276518,12.9359091
KIC 9713664,54964.675186,0.321236
KIC 9714358,54967.395501,6.4741772
KIC 9715925,54998.931972,6.3081992
KIC 9715939,55000.396998,12.8930288
KIC 9716456,54953.739651,1.8132862
KIC 9717924,55000.161105,0.3955876
KIC 9719636,55000.791902,3.35157
KIC 9722737,54964.973968,0.418528
KIC 9724080,54965.666129,1.1739178
KIC 9724993,54972.547822,7.8633661
KIC 9725155,54953.898971,1.1271457
KIC 9752973,55000.170599,0.7167094
KIC 9753154,54998.553701,3.7042675
KIC 9760531,54953.906065,0.2727979
KIC 9761199,54964.726426,1.3840392
KIC 9761573,55000.079122,7.4416079
KIC 9762519,54971.079254,7.5151465
KIC 9767392,54999.580215,2.9145155
KIC 9767437,54953.750593,0.712722
KIC 9772642,54953.633778,0.2754317
KIC 9774400,54959.35098,10.8182928
KIC 9775253,55001.83264,8.788496
KIC 9776718,54999.939128,0.544351
KIC 9777090,55000.366852,5.508136
KIC 9777987,55000.067554,0.2585001
KIC 9784230,55000.487561,0.7981975
KIC 9784371,54957.472723,3.3012265
KIC 9786017,54956.640472,4.4980033
KIC 9786165,54999.874947,0.3326251
KIC 9786798,54964.915162,0.4454678
KIC 9786821,54964.954288,8.5935022
KIC 9788113,55019.675488,2.0680581
KIC 9788457,54965.186856,0.9633378
KIC 9790355,55001.236851,14.5655477
KIC 9790965,54953.733954,0.8220677
KIC 9813678,55000.286959,0.5050786
KIC 9821078,54965.291483,8.4294375
KIC 9821151,54999.00893,8.4294126
KIC 9821923,54964.812382,0.3495329
KIC 9827122,55003.194668,2.1549222
KIC 9827149,54966.651407,2.1319392
KIC 9832227,54953.951368,0.4579485
KIC 9832545,55000.093984,1.0207497
KIC 9833618,54964.924093,1.4085018
KIC 9833806,54964.729734,0.3931764
KIC 9834257,55003.014878,15.6514391
KIC 9834719,54966.059263,3.2433378
KIC 9835416,54957.446497,4.0366052
KIC 9837083,55002.313907,0.623394
KIC 9838047,54953.71149,0.4361613
KIC 9838975,54976.832312,18.6928663
KIC 9839081,54965.261833,2.5592407
KIC 9840412,54954.556807,0.8784558
KIC 9842890,55191.212502,4.9883757
KIC 9842906,55191.223334,4.9886019
KIC 9843435,54999.967074,1.6847087
KIC 9843451,55002.193332,0.4427528
KIC 9848190,55021.015532,5.2410044
KIC 9850387,54956.416299,2.7485006
KIC 9851142,55002.77648,8.4803
KIC 9851943,54965.574331,2.1639192
KIC 9851944,54955.847004,2.1639018
KIC 9873869,54954.189056,4.9947779
KIC 9880467,55004.027899,8.9734988
KIC 9881258,54955.695831,4.0570249
KIC 9882280,54964.87713,0.289075
KIC 9886224,55000.80634,2.99266
KIC 9892471,55009.395873,8.2680828
KIC 9895004,54953.8021,2.2508273
KIC 9895709,55066.158725,1.8189296
KIC 9896435,54997.328488,18.0767
KIC 9897710,54964.677069,0.4255367
KIC 9898364,54967.471289,7.1323815
KIC 9898401,54964.733972,0.1527742
KIC 9899181,54999.643575,1.3325528
KIC 9899216,55004.681825,10.9158489
KIC 9899345,55000.948753,1.3326283
KIC 9899416,54954.389539,1.3325545
KIC 9906590,54954.659859,1.6863376
KIC 9909497,54965.774868,1.2840731
KIC 9911112,55001.091678,2.33365
KIC 9912977,54966.709125,1.8878745
KIC 9913481,54955.804465,7.0094854
KIC 9934052,54964.719109,0.3522461
KIC 9934208,54970.337175,9.0584866
KIC 9935245,55000.295785,0.7848598
KIC 9935311,55001.838876,0.2737752
KIC 9936698,55000.668364,5.7121512
KIC 9940565,54968.105946,4.2786538
KIC 9944201,54964.707778,0.721523
KIC 9944421,54968.370671,7.0952066
KIC 9944907,54964.826351,0.6134398
KIC 9945280,54964.751684,1.3034599
KIC 9947924,54953.730592,0.3628059
KIC 9948201,54964.901895,0.303181
KIC 9953894,54954.535285,1.3825995
KIC 9954225,54965.049719,1.3406515
KIC 9956124,54964.886463,0.3627253
KIC 9957351,55000.078186,0.4955521
KIC 9957411,54964.705294,0.3746901
KIC 9962595,54975.455249,11.3744432
KIC 9963461,55005.434323,10.5815718
KIC 9965206,55196.824579,16.2275503
KIC 9965691,54965.930571,15.6831951
KIC 9966115,54956.097544,8.9474264
KIC 9967884,54964.754043,5.4283503
KIC 9970937,54999.021468,4.8770612
KIC 9971475,54953.922163,5.3574082
KIC 9991887,54964.743878,0.3223957
KIC 9994475,54964.732027,0.3184064
KIC 9995660,54964.926832,0.41859
KIC 9995981,54964.846777,0.2932666
KIC 10000490,54954.243656,1.4009912
KIC 10002261,54957.216643,12.7137942
KIC 10007533,54965.039252,0.6480635
KIC 10014536,55009.909088,1.009397
KIC 10014830,54967.124438,3.0305267
KIC 10019399,54954.244191,11.8057204
KIC 10020247,55000.035426,0.3455567
KIC 10020423,54970.693646,7.4483776
KIC 10024144,55001.93382,0.8155959
KIC 10026136,54969.816256,9.0801943
KIC 10026457,54965.87401,9.9344232
KIC 10028352,55020.998425,1.3868021
KIC 10030943,54953.674633,0.2357801
KIC 10031409,54957.548369,4.1438796
KIC 10031808,54956.430326,8.5896444
KIC 10032392,54964.918911,0.3911568
KIC 10032935,54964.672349,0.320516
KIC 10063044,54965.595585,1.0096716
KIC 10068030,54965.074007,2.0231187
KIC 10068383,55009.949344,7.3049701
KIC 10074939,55063.305037,0.2770936
KIC 10083623,54964.537512,1.278539
KIC 10084115,54964.752203,0.3056657
KIC 10090246,54966.538752,2.2861056
KIC 10091110,55185.867931,4.2185174
KIC 10091110,55183.957774,8.5303353
KIC 10091257,54956.44498,3.4038482
KIC 10095469,54999.865835,0.6777628
KIC 10095512,54953.888455,6.0171939
KIC 10096019,55000.0,6.8674693
KIC 10096864,55002.264929,1.9467018
KIC 10119517,54954.000876,0.737494
KIC 10123627,54964.807405,0.2949393
KIC 10128961,54964.923514,0.3477426
KIC 10129482,54965.192407,0.8462906
KIC 10135584,54964.964829,0.3912945
KIC 10148799,54964.949129,0.3466053
KIC 10149237,54951.244018,0.2979959
KIC 10149845,55001.070605,4.0563649
KIC 10154189,54964.71319,0.4112387
KIC 10155080,54957.048137,3.8609029
KIC 10155563,54953.876698,0.3602672
KIC 10156064,54954.458136,4.8559364
KIC 10157573,54965.34096,5.1157377
KIC 10158418,54958.008628,5.0074123
KIC 10159014,55003.982194,8.7773974
KIC 10162999,55003.020162,3.4292146
KIC 10186945,54964.784152,0.793671
KIC 10189523,54965.418559,1.0139159
KIC 10191056,54955.031469,2.4274949
KIC 10191070,54964.745516,1.2137451
KIC 10198097,55000.73651,2.8152236
KIC 10198109,54979.392203,17.9187428
KIC 10206340,54956.962646,4.5644014
KIC 10208759,54967.647038,4.5750306
KIC 10215869,55002.598791,5.01727
KIC 10216186,54965.016594,0.605939
KIC 10221886,55004.929759,8.3167176
KIC 10225800,54965.654564,1.4237972
KIC 10226388,54954.11653,0.6606574
KIC 10227863,54968.073435,5.1397087
KIC 10228240,55000.69732,2.1734211
KIC 10229723,54953.68429,0.6287243
KIC 10232123,54954.181852,1.3437664
KIC 10253375,54999.928207,0.3753248
KIC 10253421,54953.634411,0.4283539
KIC 10255110,54953.62364,0.3367025
KIC 10257903,54965.028405,0.8585697
KIC 10259029,55002.866032,7.06114
KIC 10259530,54964.588439,0.7072062
KIC 10264202,54965.550176,1.0351478
KIC 10267044,54964.860903,0.4300365
KIC 10268903,54999.910577,1.1039663
KIC 10274218,55003.411999,1.7641118
KIC 10274244,54954.526463,13.6836897
KIC 10275074,54999.250399,4.3628836
KIC 10275197,54953.707304,0.3908347
KIC 10275747,54954.274697,0.6617485
KIC 10275887,54972.476667,9.7267496
KIC 10280990,54964.918637,0.3844574
KIC 10285661,55002.038068,0.3082916
KIC 10287248,55733.752354,4.7222568
KIC 10288502,54964.677419,0.2301847
KIC 10291683,54954.270446,2.0437432
KIC 10292413,54954.202209,0.5591588
KIC 10292465,54964.934712,1.3533739
KIC 10294608,54956.218283,3.7089843
KIC 10295951,54955.424427,6.8108248
KIC 10296163,54959.3874,9.2967644
KIC 10322296,54964.780304,0.3150326
KIC 10322582,54964.559511,0.2912692
KIC 10330495,54971.610227,18.0600812
KIC 10332789,54968.206431,18.7407263
KIC 10338279,55001.427132,5.66027
KIC 10341913,54967.313786,1.8674985
KIC 10342041,54965.453736,1.8674929
KIC 10345478,54972.184503,14.498387
KIC 10346522,54965.571148,3.989142
KIC 10350225,54964.827478,0.2820697
KIC 10351767,54965.114615,0.6350697
KIC 10352938,55001.724483,6.4716293
KIC 10355671,54953.637054,0.3036296
KIC 10357852,54954.071041,0.488341
KIC 10363300,54965.177722,0.9349261
KIC 10383620,54954.126474,0.7345628
KIC 10383696,55001.468218,8.4877
KIC 10384962,54966.279857,2.8792429
KIC 10385682,54965.873706,6.2074615
KIC 10388897,54964.747492,0.3437287
KIC 10389596,55156.061283,2.6092996
KIC 10389809,54964.670612,0.3973971
KIC 10389982,54964.6715,0.4439893
KIC 10395202,54964.643345,0.3059446
KIC 10395543,55000.19219,3.6874702
KIC 10395609,54964.760545,0.364254
KIC 10407221,55011.200039,0.9337397
KIC 10417135,54965.316632,1.2033317
KIC 10417986,55000.027476,0.0737309
KIC 10419211,54969.275098,11.5214272
KIC 10422852,54965.165889,1.3988897
KIC 10447902,54964.634577,0.3374641
KIC 10454401,54972.345207,12.1807225
KIC 10454725,54964.748311,0.8317678
KIC 10468514,54965.027147,0.4249383
KIC 10480952,54954.364164,4.0749064
KIC 10481912,54953.718259,0.4423682
KIC 10483644,54966.31461,5.1107711
KIC 10485069,55066.494148,0.4452718
KIC 10485137,54954.05837,0.4452748
KIC 10485250,55013.886118,16.4697832
KIC 10486425,54969.708432,5.274816
KIC 10487119,55008.646287,6.7493598
KIC 10489521,55000.317036,3.2245044
KIC 10490960,54966.63684,5.6824111
KIC 10491031,54957.2663,4.3981385
KIC 10514770,54965.493405,1.8724203
KIC 10528299,54964.631681,0.3998018
KIC 10534155,55001.026366,4.3270923
KIC 10535807,54965.699046,1.4816559
KIC 10544976,55002.123696,0.3504691
KIC 10547209,54966.508453,2.2540395
KIC 10547685,54956.454223,2.7770216
KIC 10549576,54972.078799,9.0894658
KIC 10551346,54964.895392,1.4279629
KIC 10555365,54999.585988,5.80181
KIC 10556068,54955.365922,2.1171558
KIC 10556578,55003.737543,1.2528638
KIC 10557008,54964.637009,0.2654186
KIC 10581918,55139.362915,1.8018631
KIC 10583180,54966.010891,2.6962813
KIC 10583181,54955.210895,2.6963227
KIC 10583225,54966.012006,2.6963067
KIC 10586874,54964.747881,0.5354866
KIC 10592163,54966.772446,14.7629466
KIC 10593759,54956.476578,6.2652097
KIC 10596883,55002.017644,0.468911
KIC 10599397,54964.910816,0.9374067
KIC 10600319,54964.868221,0.2815156
KIC 10601549,54965.807088,1.4637734
KIC 10601579,54967.774613,8.0987542
KIC 10611450,54997.221223,11.6527485
KIC 10613718,54953.886226,1.1758779
KIC 10614158,54966.71403,4.4622602
KIC 10616829,54965.293061,1.0729341
KIC 10618253,54964.985569,0.4374028
KIC 10619109,54955.136772,2.0451826
KIC 10619506,54964.989601,0.5035552
KIC 10657664,54956.769874,3.2736988
KIC 10659313,54961.412604,15.2493371
KIC 10661783,54954.95432,1.2313633
KIC 10666230,55065.706404,1.5777967
KIC 10676927,54999.931305,1.0311005
KIC 10679505,55000.289961,5.6751864
KIC 10680475,54964.776534,0.3498321
KIC 10684673,55026.598808,0.1925563
KIC 10686876,54953.949815,2.6184273
KIC 10710755,54966.762895,4.8166114
KIC 10711551,54972.964587,10.6922191
KIC 10711646,54964.686206,0.7376522
KIC 10711938,54953.875654,0.3576039
KIC 10723143,54964.841306,0.3076416
KIC 10724533,54954.391541,0.7450918
KIC 10727655,54953.909174,0.3533655
KIC 10727668,54999.378378,2.3059
KIC 10728219,54971.243773,3.3718077
KIC 10735519,54954.052963,0.9070641
KIC 10735564,55278.014693,1.674985
KIC 10735988,54965.572416,1.9271744
KIC 10736223,54965.545055,1.1050943
KIC 10737574,55000.163394,0.3656208
KIC 10743600,55001.787469,0.817023
KIC 10753751,55110.147912,0.4429618
KIC 10789421,54953.919448,0.7768524
KIC 10794242,54970.803281,7.1437058
KIC 10794405,54965.335643,0.9523775
KIC 10794878,54954.033942,0.4327707
KIC 10796477,54964.678886,0.484966
KIC 10797126,54964.624163,0.4324399
KIC 10799558,54964.646317,0.3664795
KIC 10801703,54964.827035,0.3130925
KIC 10802917,54999.905793,0.2724524
KIC 10809677,54970.735027,7.0421757
KIC 10809970,54953.657455,0.4470546
KIC 10815379,55002.316811,0.8905202
KIC 10816107,54964.802823,2.1615802
KIC 10818544,54954.302973,1.3692171
KIC 10844279,55000.228057,0.6234128
KIC 10847118,54964.702947,0.2935526
KIC 10848459,54965.093801,1.7369522
KIC 10848807,54999.987599,0.3462467
KIC 10854621,54964.622869,0.3759388
KIC 10855535,54964.629315,0.1127824
KIC 10857342,55005.26457,2.4159252
KIC 10857519,55000.370133,2.0533343
KIC 10858720,54954.858926,0.9523776
KIC 10861842,54964.817808,0.4719432
KIC 10863286,54955.43462,3.7238667
KIC 10873904,54996.753766,9.8856332
KIC 10874226,54972.249779,11.9736249
KIC 10874926,54966.720995,11.7031072
KIC 10877703,54964.737179,0.4369367
KIC 10879213,54999.913074,1.3369714
KIC 10880490,54964.857887,0.2980053
KIC 10904857,54997.432212,3.1208306
KIC 10905804,54964.887166,0.7510975
KIC 10905824,55003.276777,2.7195351
KIC 10916675,54953.700252,0.4188679
KIC 10919564,54861.987523,0.4621374
KIC 10920086,54965.143665,3.213193
KIC 10920314,54953.58661,0.5051686
KIC 10923260,54976.953429,7.436017
KIC 10924462,54953.9228,0.3753715
KIC 10924853,54965.286281,4.2048088
KIC 10925104,54967.993222,8.041339
KIC 10934755,54964.84245,0.7864843
KIC 10935310,54957.32131,4.1287955
KIC 10936427,54971.842189,14.3610225
KIC 10937609,54955.908419,2.5704313
KIC 10960995,55185.880504,3.1170871
KIC 10963242,54968.078534,6.1468224
KIC 10965091,54964.696236,0.2358555
KIC 10965963,54965.775223,6.6402415
KIC 10972830,54999.995123,0.6784503
KIC 10973583,55004.078061,6.2563432
KIC 10979669,54954.500842,0.925768
KIC 10979716,54967.082259,10.6840564
KIC 10987439,54971.88392,10.6745992
KIC 10989032,54966.704728,2.3050976
KIC 10991769,55002.672938,3.2813452
KIC 10991989,54954.64791,0.974478
KIC 10992733,54977.194097,18.5259185
KIC 11012801,54964.730294,0.3673112
KIC 11013201,55001.990706,0.2273937
KIC 11017077,54965.100945,0.7085639
KIC 11021252,54966.255394,3.2691918
KIC 11027722,54965.137801,0.6781374
KIC 11036301,54964.715182,0.2852372
KIC 11036692,55002.036666,0.3589468
KIC 11042923,54964.774282,0.3901623
KIC 11044779,55195.822728,15.6086226
KIC 11046124,55002.519685,4.3074087
KIC 11069176,54976.382555,15.3796149
KIC 11071207,54971.653401,8.0496347
KIC 11073223,54964.797021,11.5789467
KIC 11076176,54964.837773,0.6999861
KIC 11076279,54965.926874,1.4725851
KIC 11083888,54964.685452,0.3426673
KIC 11084647,54964.744983,0.3116736
KIC 11084782,54953.865163,0.586535
KIC 11086270,54970.126393,12.691047
KIC 11091082,54964.777423,0.3850824
KIC 11097678,54954.857024,0.9997156
KIC 11099351,54956.044784,2.3779549
KIC 11100657,54994.579248,8.3441012
KIC 11122789,55000.642064,3.2381538
KIC 11124509,54968.730052,8.8929049
KIC 11125936,54993.892041,2.6722175
KIC 11127048,54964.78619,0.2993229
KIC 11134079,54965.059101,1.260566
KIC 11135978,54953.926345,0.2920594
KIC 11137143,54964.776698,0.3135334
KIC 11138155,54965.5826,4.9593282
KIC 11144556,54954.061015,0.6429797
KIC 11147276,54967.102845,3.1330583
KIC 11147460,54965.942823,4.1077356
KIC 11151970,54954.067131,0.3116291
KIC 11153627,54965.037034,0.5616973
KIC 11154110,54965.026876,0.5296642
KIC 11175495,54954.005791,2.1910272
KIC 11179657,55001.967587,0.7889122
KIC 11180361,54964.777867,0.5330609
KIC 11182260,54954.00646,1.291972
KIC 11187837,54968.290311,17.604587
KIC 11189127,54954.758089,2.6719431
KIC 11190836,54964.663182,0.4040162
KIC 11193447,54953.977495,0.625884
KIC 11197126,54954.298554,4.4948088
KIC 11197853,54999.774875,0.6984615
KIC 11198068,54964.964485,0.4001746
KIC 11198723,54970.570598,6.8403056
KIC 11200405,55000.576576,4.6396
KIC 11200773,54965.043382,2.4895516
KIC 11228612,54967.401223,2.9804799
KIC 11230837,54965.04448,0.4460787
KIC 11231334,54993.02033,4.1574813
KIC 11232745,54970.919026,9.6342435
KIC 11233911,54969.122109,4.9598996
KIC 11234677,54953.872607,1.5874247
KIC 11236035,55157.203865,2.3190031
KIC 11240948,55001.252154,3.4019372
KIC 11244501,54953.815356,0.2966763
KIC 11245381,54953.641745,0.3069917
KIC 11246163,54964.563148,0.2792275
KIC 11247386,54999.834111,0.3943253
KIC 11250867,54955.621171,2.2528222
KIC 11252617,55006.173228,4.4781198
KIC 11255667,54954.269242,0.8189143
KIC 11255761,54967.608771,4.9926771
KIC 11284227,55002.112905,0.4375709
KIC 11284547,54964.534976,0.2624405
KIC 11285136,55004.697902,2.3681778
KIC 11285625,54975.33451,10.7904443
KIC 11287726,54965.324676,4.7377142
KIC 11289003,55000.013774,0.3303415
KIC 11295026,54953.888646,0.2908549
KIC 11295347,54954.53801,0.8884399
KIC 11303416,54964.927759,0.3207842
KIC 11303526,54954.138339,0.7200905
KIC 11303811,55002.298415,3.3794695
KIC 11304987,54964.802895,1.3853862
KIC 11305087,54964.836735,0.3092669
KIC 11336707,54964.637372,0.2512982
KIC 11338865,54954.092011,0.8803849
KIC 11341950,54964.806734,0.2883712
KIC 11347875,54965.55277,3.4550909
KIC 11350389,54965.025108,1.512644
KIC 11352791,55000.163545,0.2805193
KIC 11358392,54954.564943,0.9849768
KIC 11391181,54972.068475,8.6173396
KIC 11391667,54954.131308,1.0837368
KIC 11395117,54964.845917,0.3065169
KIC 11395645,55000.011362,0.4969091
KIC 11401845,55005.930055,2.161399
KIC 11402381,54953.884042,0.4173647
KIC 11403032,55001.91081,7.6316344
KIC 11403216,55186.619762,4.0532529
KIC 11403776,55000.042671,0.4018056
KIC 11404644,54969.388045,5.9025999
KIC 11404698,54964.788397,0.5901921
KIC 11404758,54964.825367,0.3512461
KIC 11405559,54964.84459,0.2849367
KIC 11408810,54953.868542,0.7492874
KIC 11408935,54980.304697,15.9950902
KIC 11409673,54998.146632,12.3178693
KIC 11409698,54972.176164,10.2678271
KIC 11410485,54964.854909,0.4287929
KIC 11413213,55002.094949,0.2374665
KIC 11442348,54964.605336,0.3128408
KIC 11444780,54964.58988,0.2867135
KIC 11447953,54955.251162,1.4988837
KIC 11455484,54998.885719,6.14275
KIC 11455795,54964.791642,1.0573353
KIC 11457191,54965.967089,2.2983953
KIC 11460346,54964.714942,0.3856483
KIC 11463211,54964.832732,1.5063542
KIC 11494130,54962.683855,18.9554142
KIC 11494583,54964.685201,0.2483419
KIC 11495766,55009.377729,8.3404432
KIC 11495781,54954.041627,0.5079343
KIC 11496078,54953.599863,0.2997192
KIC 11498689,54964.607232,0.306306
KIC 11499757,54967.251422,12.3143985
KIC 11502581,54964.875051,0.333636
KIC 11509282,54965.036787,0.6340339
KIC 11515292,54998.598539,3.4194671
KIC 11517719,54965.840588,2.4957793
KIC 11546211,54965.600017,2.1944213
KIC 11547869,54998.077747,10.727417
KIC 11548140,54965.555132,2.7573005
KIC 11559864,54964.682124,0.3833011
KIC 11560037,54964.997657,1.466522
KIC 11560447,54953.730314,0.527679
KIC 11564013,55002.694501,1.7505355
KIC 11566174,54964.604431,0.2768752
KIC 11568428,54999.438319,1.7106289
KIC 11568657,54973.942928,13.4760462
KIC 11568987,55004.508731,15.9599451
KIC 11572643,54953.74027,0.3454039
KIC 11599264,55292.433026,8.4281506
KIC 11601584,54975.339319,13.9794853
KIC 11604958,54964.653176,0.2989297
KIC 11612091,54953.780303,0.4542688
KIC 11616200,54954.898446,1.718649
KIC 11616594,54969.190695,14.5876122
KIC 11618883,55139.44241,0.6848719
KIC 11619964,54965.717564,10.3685551
KIC 11649962,54973.758217,10.5627371
KIC 11652545,54953.798155,0.4127947
KIC 11656840,54965.757383,7.4426597
KIC 11662440,55004.811546,13.6394573
KIC 11671660,54956.544471,8.710339
KIC 11672319,54964.813262,0.3317754
KIC 11673686,54957.148279,4.618769
KIC 11700133,55001.662945,6.7540169
KIC 11703960,54965.167187,0.6044168
KIC 11704044,55015.229115,13.7653453
KIC 11704155,54953.604573,0.2738674
KIC 11706658,54965.266794,1.4079433
KIC 11716688,54964.845939,0.3012184
KIC 11717798,54964.948203,0.3747149
KIC 11722816,54964.744235,0.3203734
KIC 11724091,54953.858108,1.5590905
KIC 11724210,54965.041689,5.746018
KIC 11751847,54964.716133,0.3314836
KIC 11768970,54959.413777,15.541353
KIC 11769739,54964.659858,0.2524728
KIC 11774013,55000.572627,3.7562477
KIC 11774383,55000.20939,0.5202271
KIC 11805235,54964.735922,0.3951932
KIC 11811454,54955.917867,2.2746278
KIC 11817750,54954.908603,9.7625507
KIC 11819135,55000.065397,1.901638
KIC 11820830,54959.000362,12.7318697
KIC 11824222,54978.459897,15.8413359
KIC 11825057,55000.087758,0.5320878
KIC 11825204,54964.746093,0.2096356
KIC 11826400,54956.000227,5.8893723
KIC 11858541,54968.754069,5.6743534
KIC 11858979,54964.796671,3.059169
KIC 11867071,54999.717143,3.96385
KIC 11873166,54953.914736,1.4688524
KIC 11874338,55000.662796,15.9751769
KIC 11875706,54964.788241,0.3857206
KIC 11904038,54953.85226,0.6322198
KIC 11909839,54968.573497,10.405998
KIC 11910076,54964.903169,0.3481228
KIC 11911561,54997.180059,8.8704124
KIC 11913012,54967.177975,3.7478484
KIC 11913071,54955.943496,3.7478351
KIC 11920266,54954.120756,0.4674102
KIC 11922782,54956.247158,3.5129339
KIC 11923629,54995.52806,17.9732836
KIC 11924311,54964.755924,0.4451163
KIC 11967004,54966.109021,1.9416358
KIC 11968490,54965.437249,1.0788901
KIC 11968513,55185.882996,1.0365914
KIC 11972387,55000.018394,0.3278982
KIC 11973705,54973.203322,6.7721423
KIC 11975363,54967.411965,3.5184191
KIC 12004679,54955.769983,5.0424901
KIC 12004834,55002.041,0.2623168
KIC 12010534,54965.946782,2.5815948
KIC 12013615,54971.509802,8.2028691
KIC 12016304,54965.652399,1.024052
KIC 12019674,54953.796585,0.3545042
KIC 12022517,55003.264108,3.4427135
KIC 12022718,54966.396704,9.2553314
KIC 12023089,55001.770498,0.6234413
KIC 12055014,54965.041323,0.4999046
KIC 12055255,54964.525184,0.2209394
KIC 12055421,54953.820969,0.385606
KIC 12055517,54999.832766,0.6097519
KIC 12059158,54953.845032,0.4718237
KIC 12062660,54998.936258,2.9293
KIC 12066630,54953.967832,1.0983743
KIC 12071006,54955.83764,6.0960264
KIC 12071741,54964.817555,0.3142642
KIC 12104285,54964.713694,0.2514509
KIC 12106934,54998.672552,5.9370457
KIC 12108333,54954.106577,0.7054482
KIC 12109575,54953.617625,0.5316547
KIC 12109845,55000.558223,0.8659588
KIC 12153332,54953.871096,0.2946266
KIC 12157987,54953.900074,0.5778444
KIC 12164751,55004.676598,2.6300876
KIC 12170648,54965.025028,0.599386
KIC 12216706,55003.521612,1.4710605
KIC 12216817,55002.067959,0.2462731
KIC 12218858,54953.762364,0.4266579
KIC 12251650,54971.658491,17.7619949
KIC 12251779,54967.233201,14.8442331
KIC 12255108,55002.508341,9.1315263
KIC 12255382,54964.628561,0.9993228
KIC 12257908,54954.915973,2.6159169
KIC 12267718,54953.999853,0.5450506
KIC 12268220,54954.125749,4.4215699
KIC 12301181,54998.612284,6.147279
KIC 12305537,54953.653484,0.361815
KIC 12316447,55008.519184,17.9077
KIC 12350008,55002.014438,0.1845296
KIC 12351927,54972.98152,10.1161484
KIC 12352712,54999.935357,0.722065
KIC 12353720,54954.41426,1.95331
KIC 12356746,54954.3696,1.0049085
KIC 12365000,54953.829014,1.2627433
KIC 12367310,54972.989347,8.6274874
KIC 12367464,54954.129939,1.8532087
KIC 12400729,54965.480846,0.9317259
KIC 12404615,55001.927612,0.3662908
KIC 12405950,55096.767773,3.53963
KIC 12418274,54964.86756,0.3527221
KIC 12418319,54965.465673,1.3569736
KIC 12418662,54967.314604,2.751574
KIC 12418816,54954.742983,1.5218703
KIC 12458133,54964.89951,0.3325218
KIC 12458797,55182.791088,0.2413212
KIC 12459731,55004.425248,14.1812065
KIC 12470041,54957.492552,14.6677416
KIC 12470530,54968.824131,8.2072571
KIC 12470954,54965.404402,1.9022098
KIC 12504988,54967.623202,5.0939385
KIC 12506351,54955.736173,2.4555173
KIC 12508348,54951.660784,0.2556047
KIC 12553806,55000.039888,0.4631237
KIC 12554536,54953.964623,0.6844956
KIC 12557713,54965.497854,7.2147226
KIC 12598713,54953.674386,0.257179
KIC 12599700,54965.259157,1.0177858
KIC 12602985,55002.090625,0.2508689
KIC 12645761,54961.669259,5.4191379
KIC 12785282,54953.956353,0.7887499
