kepid,kepler_name,koi_period,koi_time0bk,koi_duration
KIC 757450,Kepler-75 b,8.884922995,169.991686,2.07004
KIC 1432789,Kepler-745 b,9.93146307,136.49128,5.678
KIC 1718189,Kepler-262 b,13.0607936,137.63148,3.215
KIC 1724719,Kepler-1569 b,5.79179934,133.35814,3.474
KIC 1725016,Kepler-748 b,7.40742502,355.49652,3.675
KIC 1865042,Kepler-746 b,3.4815917,132.98828,1.8069
KIC 1873513,Kepler-1624 b,3.290304098,131.90944,1.7215
KIC 1996180,Kepler-1271 b,3.02558494,134.36744,3.0008
KIC 2142522,Kepler-1224 b,13.32354078,134.03671,3.873
KIC 2165002,Kepler-263 b,16.56806842,146.15285,4.2647
KIC 2302548,Kepler-261 b,10.38122447,268.02421,2.715
KIC 2304320,Kepler-1064 b,16.54081386,133.95274,2.5996
KIC 2307415,Kepler-356 b,4.6126736,132.7757,3.0643
KIC 2307415,Kepler-356 c,13.12162167,133.39526,3.6138
KIC 2438264,Kepler-156 b,4.973455252,170.885791,1.6519
KIC 2438264,Kepler-156 c,15.90688891,177.9305,3.9879
KIC 2441495,Kepler-479 b,12.49340725,138.462232,2.2614
KIC 2556650,Kepler-1124 b,2.852348262,132.044534,0.7051
KIC 2557816,Kepler-575 b,9.3789167,176.45197,3.3427
KIC 2571238,Kepler-19 b,9.286964466,135.9945,3.3649
KIC 2584163,Kepler-754 b,14.5598556,135.95038,5.624
KIC 2692377,Kepler-98 b,1.541676547,170.543719,1.9118
KIC 2693736,Kepler-1034 b,12.12401737,134.955,3.3091
KIC 2713049,Kepler-683 b,2.539183147,169.67494,2.4282
KIC 2715135,Kepler-753 b,5.747711909,133.29939,1.8923
KIC 2716853,Kepler-752 b,18.82744023,196.19088,4.664
KIC 2721030,Kepler-766 b,6.10027621,135.58656,4.7476
KIC 2831055,Kepler-1601 b,2.20923119,131.90288,2.392
KIC 2837111,Kepler-771 b,8.7348852,135.0818,4.49
KIC 2849805,Kepler-773 b,3.749105745,135.10837,1.9826
KIC 2854698,Kepler-260 b,8.18739443,260.86931,3.0472
KIC 2985767,Kepler-1063 b,14.07969236,139.96053,1.375
KIC 2987027,Kepler-489 b,17.276296682,133.839172,3.94738
KIC 2989404,Kepler-323 b,1.6783263,136.05259,2.5123
KIC 2989404,Kepler-323 c,3.553831111,134.64066,3.1029
KIC 2990873,Kepler-1194 b,16.22378479,136.02454,2.5462
KIC 3102384,Kepler-454 b,10.573751447,175.067739,1.7259
KIC 3114167,Kepler-684 b,6.770300385,170.57662,2.0844
KIC 3114811,Kepler-774 b,11.08956602,141.76142,6.2877
KIC 3116412,Kepler-772 b,12.99204853,136.32016,6.0175
KIC 3128552,Kepler-1073 b,8.67890312,133.03651,3.5317
KIC 3128552,Kepler-1073 c,4.02582434,135.42508,2.8059
KIC 3218908,Kepler-770 b,18.92537246,149.49558,3.9835
KIC 3218908,Kepler-770 c,1.475323222,131.83272,2.3155
KIC 3218908,Kepler-770 d,4.15246118,134.57991,2.5755
KIC 3219995,Kepler-1187 b,18.87058705,143.95639,3.4701
KIC 3231341,Kepler-24 b,8.14515981,140.56811,5.073
KIC 3231341,Kepler-24 c,12.33343853,137.58782,6.221
KIC 3231341,Kepler-24 d,4.24439049,137.06643,3.282
KIC 3231341,Kepler-24 e,18.9985279,144.74157,4.529
KIC 3234598,Kepler-383 b,12.90467523,144.32009,3.28
KIC 3234843,Kepler-405 b,10.61368712,140.85316,3.498
KIC 3239945,Kepler-167 b,4.393157678,172.867528,2.4455
KIC 3239945,Kepler-167 c,7.40611676,134.07481,2.8826
KIC 3240158,Kepler-769 b,7.42608123,139.90039,3.6379
KIC 3240158,Kepler-769 c,15.9868932,137.5964,4.158
KIC 3244792,Kepler-1592 b,3.0570982,134.50122,3.571
KIC 3245969,Kepler-768 b,11.39102358,137.70864,2.303
KIC 3323887,Kepler-9 d,1.59295975,182.08924,1.9313
KIC 3326377,Kepler-967 b,13.22714056,142.20251,3.2861
KIC 3338885,Kepler-975 b,1.970340203,131.948389,1.7901
KIC 3342794,Kepler-376 b,4.92031063,135.40577,4.046
KIC 3342794,Kepler-376 c,14.17222858,142.60134,2.6297
KIC 3342970,Kepler-234 b,2.711504086,170.03417,3.0099
KIC 3342970,Kepler-234 c,7.21203748,172.81782,4.0491
KIC 3348082,Kepler-274 b,11.63486009,140.50071,5.466
KIC 3351888,Kepler-685 b,1.625522174,170.8266564,2.38963
KIC 3353050,Kepler-541 b,5.0800579,174.42853,5.207
KIC 3354846,Kepler-1241 b,18.5525162,135.51322,4.385
KIC 3426367,Kepler-1308 b,2.10433534,133.31612,1.1168
KIC 3433668,Kepler-1493 b,15.0219784,143.6989,5.068
KIC 3438507,Kepler-788 b,8.39842977,136.31152,6.344
KIC 3444588,Kepler-787 b,0.928310036,133.80358,1.1899
KIC 3446746,Kepler-542 b,13.14496741,174.8467,3.6399
KIC 3447722,Kepler-275 b,10.30067919,142.74251,4.885
KIC 3447722,Kepler-275 c,16.08832318,139.49184,5.731
KIC 3458028,Kepler-1171 b,1.442592305,134.07188,2.9698
KIC 3541946,Kepler-198 b,17.79001678,182.43745,4.4116
KIC 3541946,Kepler-198 d,1.311842968,133.11058,1.7876
KIC 3544595,Kepler-93 b,4.72674037,134.926396,2.9267
KIC 3546060,Kepler-1110 b,9.69310837,134.53003,2.734
KIC 3554031,Kepler-415 b,4.17634276,352.99674,2.335
KIC 3554031,Kepler-415 c,8.70798309,363.05638,2.4904
KIC 3561464,Kepler-1487 b,7.31945294,137.22065,4.881
KIC 3632089,Kepler-1464 c,5.32784157,133.55005,4.696
KIC 3632418,Kepler-21 b,2.785821236,260.83731,3.5599
KIC 3642289,Kepler-135 b,6.002548291,171.71419,4.1628
KIC 3642289,Kepler-135 c,11.44865823,141.38705,4.953
KIC 3642741,Kepler-503 b,7.258450123,138.344691,5.7297
KIC 3657758,Kepler-1065 b,3.609313059,133.79024,1.7752
KIC 3657758,Kepler-1065 c,2.3702932,133.6801,1.666
KIC 3660924,Kepler-793 b,4.24153629,133.45522,2.971
KIC 3661886,Kepler-377 b,12.50945798,136.99217,3.479
KIC 3728432,Kepler-1526 b,3.90863457,133.92971,1.7704
KIC 3732821,Kepler-790 b,13.73474071,142.32752,2.769
KIC 3733628,Kepler-543 b,13.89963233,182.864454,3.5791
KIC 3734418,Kepler-1164 b,3.97599629,133.62238,2.2029
KIC 3745690,Kepler-157 b,1.732346403,134.53123,2.2139
KIC 3745690,Kepler-157 c,13.54057461,171.67762,4.4673
KIC 3745690,Kepler-157 d,7.0257409,133.62713,2.245
KIC 3749134,Kepler-792 b,11.30123036,134.91855,4.022
KIC 3749365,Kepler-785 b,1.97376085,178.6894194,1.82542
KIC 3762468,Kepler-493 b,3.003879547,134.709874,3.2848
KIC 3833007,Kepler-555 b,16.21774917,180.0425,4.9274
KIC 3835670,Kepler-473 b,14.55730897,145.095012,7.7643
KIC 3839488,Kepler-794 b,11.13127159,134.36341,4.2372
KIC 3847138,Kepler-556 b,11.72291212,177.3196,4.2064
KIC 3847907,Kepler-497 b,3.573202801,134.934397,2.88
KIC 3848275,Kepler-1403 b,5.19492747,131.62458,3.167
KIC 3852655,Kepler-1406 b,11.62904159,132.82099,2.97
KIC 3869014,Kepler-789 b,8.63847391,139.94684,5.4566
KIC 3935914,Kepler-686 b,1.594745374,170.6483505,1.9604
KIC 3937519,Kepler-495 b,3.413036353,132.443054,2.61366
KIC 3939150,Kepler-277 b,17.32419108,142.09977,8.045
KIC 3942670,Kepler-147 b,12.6119685,138.1189,6.372
KIC 3955817,Kepler-1553 b,4.24263096,135.0304,2.582
KIC 3962243,Kepler-276 b,14.12847677,142.8971,3.685
KIC 3962357,Kepler-791 b,14.55387488,134.11669,6.973
KIC 3967760,Kepler-317 b,5.52418625,135.62306,2.826
KIC 3967760,Kepler-317 c,8.77514782,133.70319,3.176
KIC 3969687,Kepler-1382 b,16.3583482,141.25354,9.858
KIC 4043190,Kepler-796 b,6.40087137,136.8824,2.5561
KIC 4055304,Kepler-1107 b,0.571038347,131.653752,1.1267
KIC 4056616,Kepler-1053 b,2.41434868,132.42878,1.2701
KIC 4076098,Kepler-817 b,3.990105908,355.840837,2.4108
KIC 4077526,Kepler-58 b,10.21864532,136.8622,3.802
KIC 4077526,Kepler-58 c,15.573637,132.44282,5.326
KIC 4135665,Kepler-823 b,4.16811839,134.89621,2.8084
KIC 4136466,Kepler-826 b,4.48758768,133.36092,2.874
KIC 4138951,Kepler-1373 b,1.291233083,131.99105,1.855
KIC 4139816,Kepler-235 b,3.340218842,171.979062,1.9104
KIC 4139816,Kepler-235 c,7.82502168,136.54995,2.186
KIC 4141376,Kepler-1655 b,11.87290814,180.895933,2.5342
KIC 4142847,Kepler-1143 b,2.888904439,132.15271,1.6043
KIC 4144576,Kepler-1139 b,0.813166357,131.82536,1.4122
KIC 4157325,Kepler-416 b,6.31943553,132.22892,3.3422
KIC 4157325,Kepler-416 c,12.20951755,360.3204,4.1808
KIC 4164994,Kepler-816 b,10.50682978,360.082152,3.7769
KIC 4165473,Kepler-597 b,13.02363236,178.52482,3.9734
KIC 4180280,Kepler-472 b,4.176254191,133.090415,3.6716
KIC 4242692,Kepler-1531 b,1.138548215,132.46205,2.1482
KIC 4243911,Kepler-821 b,1.922799706,134.50174,1.8604
KIC 4249725,Kepler-120 b,6.312508525,132.654418,2.7455
KIC 4249725,Kepler-120 c,12.7945474,130.7668,3.4197
KIC 4263293,Kepler-331 b,8.45746636,133.87132,2.2906
KIC 4263293,Kepler-331 c,17.28116957,136.00718,2.829
KIC 4270253,Kepler-183 b,5.68798675,133.95607,2.2682
KIC 4270253,Kepler-183 c,11.6370303,178.84448,3.3372
KIC 4275191,Kepler-688 b,3.895936525,170.527552,2.3111
KIC 4275721,Kepler-825 b,3.77359871,134.07013,2.7282
KIC 4275721,Kepler-825 c,8.18182189,134.81423,2.4566
KIC 4278221,Kepler-908 b,1.340596782,132.24549,1.6484
KIC 4282872,Kepler-818 b,10.035381809,137.471481,3.4062
KIC 4346178,Kepler-1304 b,16.1289679,143.75518,6.271
KIC 4349452,Kepler-25 b,6.238535444,171.706325,3.5255
KIC 4349452,Kepler-25 c,12.720370263,178.528297,2.7306
KIC 4381429,Kepler-1608 b,16.473474,142.68604,4.201
KIC 4454752,Kepler-578 b,1.616883373,169.80396,1.6325
KIC 4455231,Kepler-288 b,6.09747233,354.05919,3.431
KIC 4458082,Kepler-1181 b,4.89336495,133.6449,3.485
KIC 4466677,Kepler-822 b,3.222975318,178.0701,2.9247
KIC 4473613,Kepler-1623 b,4.36125889,132.53228,2.174
KIC 4478168,Kepler-624 b,14.58649856,172.22185,4.0249
KIC 4483138,Kepler-1384 b,15.3626052,145.5732,3.736
KIC 4545187,Kepler-121 b,3.177414601,134.478892,1.5262
KIC 4548011,Kepler-1581 b,6.28384079,133.20513,4.291
KIC 4563268,Kepler-625 b,7.75192755,176.17197,3.5413
KIC 4563268,Kepler-625 c,4.16536757,132.04068,3.2935
KIC 4570949,Kepler-76 b,1.544928892,133.5487914,1.43586
KIC 4633570,Kepler-158 b,16.70920628,174.75417,2.7052
KIC 4636578,Kepler-350 b,11.1895709,140.63504,5.3
KIC 4636578,Kepler-350 c,17.84850835,148.39117,5.8919
KIC 4644604,Kepler-626 b,14.48584765,175.00624,3.1365
KIC 4644952,Kepler-319 b,4.36273233,135.23342,2.2375
KIC 4644952,Kepler-319 c,6.94135824,137.5437,1.8899
KIC 4645174,Kepler-1500 b,15.0330623,131.89493,6.326
KIC 4650674,Kepler-824 b,4.51436096,134.0293,3.0083
KIC 4664847,Kepler-690 b,7.748094239,174.997206,3.5957
KIC 4725681,Kepler-236 b,8.29561738,135.79284,1.3421
KIC 4736569,Kepler-1042 b,10.13200555,132.91155,3.1683
KIC 4736644,Kepler-1470 b,16.2951259,144.80425,3.678
KIC 4741126,Kepler-887 c,7.63846084,138.24557,3.957
KIC 4742414,Kepler-628 b,15.458056682,173.782454,8.79536
KIC 4757437,Kepler-168 b,4.42535097,134.56312,3.504
KIC 4757437,Kepler-168 c,13.19322809,175.6096,5.0036
KIC 4770617,Kepler-1154 b,5.18560081,132.32455,4.054
KIC 4770617,Kepler-1154 c,8.45805119,137.06123,2.998
KIC 4827723,Kepler-629 b,7.23858162,171.21912,3.1199
KIC 4831728,Kepler-1330 b,10.10773789,135.1032,3.828
KIC 4832837,Kepler-621 b,2.628117322,169.718913,1.8289
KIC 4833421,Kepler-122 b,5.766165573,134.01725,3.8314
KIC 4833421,Kepler-122 c,12.466004437,134.003258,5.0066
KIC 4847534,Kepler-579 b,9.66857386,174.53483,2.4656
KIC 4852528,Kepler-80 b,7.053527145,176.474146,2.3982
KIC 4852528,Kepler-80 c,9.521644639,177.484839,2.3569
KIC 4852528,Kepler-80 d,3.072146607,134.030017,1.8732
KIC 4852528,Kepler-80 e,4.645382149,134.58939,2.0271
KIC 4852528,Kepler-80 f,0.986785834,133.171292,1.1879
KIC 4913852,Kepler-691 b,8.11437482,176.33968,2.2736
KIC 4914423,Kepler-103 b,15.96532718,142.178033,4.5837
KIC 4915638,Kepler-1291 b,8.63050092,139.57438,3.144
KIC 4917596,Kepler-1032 b,3.290114076,133.15709,1.5151
KIC 4932442,Kepler-923 b,6.93365167,137.07375,4.608
KIC 4989057,Kepler-1017 b,7.23400381,137.67742,2.165
KIC 4991208,Kepler-1393 b,2.44358543,132.80194,1.852
KIC 5007345,Kepler-1225 b,7.01074295,138.4027,2.1787
KIC 5036705,Kepler-1238 b,4.14789051,135.53291,3.829
KIC 5080636,Kepler-974 b,4.194496867,134.13511,1.7807
KIC 5084942,Kepler-475 b,3.105507835,133.210427,1.7458
KIC 5088400,Kepler-1556 b,8.82715783,139.73416,2.019
KIC 5088536,Kepler-130 b,8.45744892,139.06689,3.2893
KIC 5088591,Kepler-955 b,14.5324483,140.72407,3.13
KIC 5094751,Kepler-109 b,6.481633073,122.977657,3.784
KIC 5120087,Kepler-631 b,17.97979816,182.24179,5.5828
KIC 5164255,Kepler-693 b,15.37562369,173.61402,3.3169
KIC 5175986,Kepler-1320 b,0.868386354,132.06741,1.066
KIC 5177104,Kepler-904 b,3.02168007,133.47243,2.8264
KIC 5177859,Kepler-1576 b,6.98472143,135.99731,2.724
KIC 5184911,Kepler-1324 b,4.11585514,134.11726,1.4858
KIC 5185897,Kepler-398 b,4.081411554,133.85992,2.3239
KIC 5185897,Kepler-398 c,11.41941928,142.11859,3.3075
KIC 5185897,Kepler-398 d,6.83440674,136.86023,2.2726
KIC 5202905,Kepler-340 b,14.8444836,143.576,6.091
KIC 5209845,Kepler-1378 b,11.95401876,140.26226,2.656
KIC 5219234,Kepler-305 b,5.48711441,356.0773,2.93
KIC 5219234,Kepler-305 c,8.29084167,359.63666,3.613
KIC 5219234,Kepler-305 d,16.73869035,359.41655,2.398
KIC 5252423,Kepler-237 b,4.71510843,134.96178,2.506
KIC 5252423,Kepler-237 c,8.10363271,176.9486,3.161
KIC 5272233,Kepler-400 b,9.02436414,133.54199,3.011
KIC 5272233,Kepler-400 c,17.3408735,138.96694,3.398
KIC 5272878,Kepler-694 b,6.365839713,171.13575,2.9721
KIC 5281113,Kepler-1602 b,11.17931581,131.64123,3.103
KIC 5289854,Kepler-308 b,9.69501146,182.45413,2.75
KIC 5289854,Kepler-308 c,15.3825394,139.07648,3.815
KIC 5299459,Kepler-307 b,10.41572666,143.04774,2.7719
KIC 5299459,Kepler-307 c,13.08424286,132.63129,3.0401
KIC 5301750,Kepler-84 b,8.72585478,138.76838,4.473
KIC 5301750,Kepler-84 c,12.88291395,135.18736,5.676
KIC 5301750,Kepler-84 d,4.22453631,135.42908,3.128
KIC 5339567,Kepler-1240 b,4.86638504,134.01501,2.296
KIC 5340644,Kepler-580 b,8.22241355,172.95657,2.71
KIC 5340878,Kepler-1566 b,0.539915033,131.55207,1.1466
KIC 5350244,Kepler-1276 b,12.5722897,143.0663,4.765
KIC 5351250,Kepler-150 b,3.42806306,132.36268,2.417
KIC 5351250,Kepler-150 c,7.381980206,173.072659,3.1152
KIC 5351250,Kepler-150 d,12.56096618,166.79483,3.7647
KIC 5357901,Kepler-425 b,3.797018259,133.508776,2.2608
KIC 5358241,Kepler-53 b,18.64932728,174.771,4.4056
KIC 5358241,Kepler-53 d,9.75192101,138.78608,4.793
KIC 5358624,Kepler-428 b,3.525632539,170.0479951,2.59959
KIC 5364071,Kepler-49 b,7.203855862,170.285731,2.5418
KIC 5364071,Kepler-49 c,10.91274065,169.85247,2.1801
KIC 5364071,Kepler-49 d,2.576571021,172.126911,1.5997
KIC 5364071,Kepler-49 e,18.59611518,141.26331,2.3052
KIC 5371776,Kepler-304 b,3.295701024,133.966333,1.8268
KIC 5371776,Kepler-304 c,5.315954488,132.43002,1.1165
KIC 5371776,Kepler-304 d,9.65349016,134.85555,2.9029
KIC 5371776,Kepler-304 e,1.499144441,133.07022,1.4259
KIC 5371777,Kepler-1589 b,0.991659646,131.53686,2.215
KIC 5374854,Kepler-633 b,8.50339249,170.86894,2.9569
KIC 5375194,Kepler-964 b,13.52252364,142.17932,3.987
KIC 5383248,Kepler-96 b,16.23847733,171.019564,3.9699
KIC 5384079,Kepler-348 b,7.05675145,132.53512,2.0261
KIC 5384079,Kepler-348 c,17.2653659,135.3549,5.02
KIC 5436502,Kepler-238 b,2.090811305,134.17462,3.388
KIC 5436502,Kepler-238 c,6.15560285,134.81656,4.9843
KIC 5436502,Kepler-238 d,13.23352214,140.32196,6.7372
KIC 5438099,Kepler-306 b,4.64622383,354.58863,2.5137
KIC 5438099,Kepler-306 c,7.24022418,355.01243,2.9153
KIC 5438099,Kepler-306 d,17.32670445,360.5083,4.269
KIC 5438757,Kepler-903 b,10.35078415,133.71163,6.253
KIC 5440317,Kepler-1438 b,2.31941571,131.93925,1.591
KIC 5444548,Kepler-545 b,13.24931848,179.52171,4.4859
KIC 5446285,Kepler-88 b,10.916108342,133.009227,3.6496
KIC 5456651,Kepler-239 b,11.76307164,180.93613,2.9076
KIC 5480640,Kepler-399 b,14.4252635,136.75608,3.754
KIC 5511081,Kepler-338 b,13.72710334,138.74473,7.3419
KIC 5511081,Kepler-338 e,9.34145925,132.38581,6.18
KIC 5513012,Kepler-1310 b,0.679336747,132.856178,1.2188
KIC 5514383,Kepler-506 b,6.88341278,172.66227,2.0674
KIC 5520547,Kepler-1401 b,11.20058855,137.51003,4.562
KIC 5526527,Kepler-970 b,16.7364755,143.13606,2.151
KIC 5531576,Kepler-240 b,4.14451656,135.92831,2.3421
KIC 5531576,Kepler-240 c,7.953547,174.66224,2.6312
KIC 5531694,Kepler-634 b,5.16949729,170.31339,4.5122
KIC 5546691,Kepler-1283 b,12.9462567,139.4165,9.568
KIC 5546761,Kepler-1125 b,17.6700291,131.60103,6.693
KIC 5551240,Kepler-1626 b,4.13960513,134.04705,3.31
KIC 5599774,Kepler-1195 b,8.49640437,138.73595,2.2128
KIC 5602588,Kepler-1211 b,11.01819178,139.87858,4.635
KIC 5617854,Kepler-901 b,3.517494725,135.546724,1.5639
KIC 5621125,Kepler-959 b,14.80075082,132.82179,5.762
KIC 5629353,Kepler-1640 b,7.5844241,137.847,3.918
KIC 5629538,Kepler-1201 b,15.18727049,134.05495,4.509
KIC 5640085,Kepler-159 b,10.13958818,178.45074,2.6446
KIC 5644412,Kepler-1565 b,1.538185321,132.49067,1.683
KIC 5651104,Kepler-695 b,3.04033046,169.9490106,1.8411
KIC 5652893,Kepler-1347 b,14.00948631,132.96947,3.399
KIC 5683743,Kepler-546 b,4.147021189,170.325835,2.8997
KIC 5686174,Kepler-622 b,14.28228147,180.84677,2.6588
KIC 5688790,Kepler-1439 b,8.07394097,540.04161,2.455
KIC 5689351,Kepler-169 b,3.25058201,133.69472,2.2537
KIC 5689351,Kepler-169 c,6.1954595,134.71507,2.952
KIC 5689351,Kepler-169 d,8.34819209,136.84111,2.835
KIC 5689351,Kepler-169 e,13.76710058,174.81089,2.9105
KIC 5695396,Kepler-131 b,16.09196369,170.598832,2.8943
KIC 5706595,Kepler-370 b,4.57948235,135.09685,3.106
KIC 5706966,Kepler-333 b,12.55111099,137.26226,3.1293
KIC 5709725,Kepler-598 b,3.701765401,172.44778,2.6061
KIC 5728139,Kepler-433 b,5.334082429,131.981761,6.2226
KIC 5735762,Kepler-48 b,4.77800306,124.061465,2.7361
KIC 5735762,Kepler-48 c,9.673958488,125.339418,3.2641
KIC 5774349,Kepler-599 b,15.65563866,170.78358,3.9305
KIC 5780885,Kepler-7 b,4.885488596,134.2768785,5.16165
KIC 5780930,Kepler-1492 b,16.7525077,131.59834,3.174
KIC 5784777,Kepler-1529 b,5.33905606,132.14193,1.6415
KIC 5791986,Kepler-151 b,15.22895514,176.56001,2.5967
KIC 5792202,Kepler-27 b,15.33528675,174.00278,3.897
KIC 5794240,Kepler-45 b,2.455240626,170.821762,1.72722
KIC 5794379,Kepler-241 b,12.71809866,175.35526,3.0957
KIC 5794570,Kepler-1312 b,5.448321078,132.49088,2.2213
KIC 5796675,Kepler-636 b,16.080657264,182.7601,2.8701
KIC 5807769,Kepler-1289 b,7.99022379,132.268,3.273
KIC 5809890,Kepler-755 b,1.269091415,133.343682,1.4647
KIC 5809890,Kepler-755 c,2.853133997,133.79678,1.465
KIC 5812701,Kepler-448 b,17.855221681,146.596466,7.41287
KIC 5812960,Kepler-582 b,18.49234792,173.49816,3.4744
KIC 5856571,Kepler-971 b,9.59068586,132.68264,3.452
KIC 5857540,Kepler-1242 b,13.62801048,135.45073,3.5374
KIC 5866724,Kepler-65 b,2.154911236,133.498613,3.1341
KIC 5866724,Kepler-65 c,5.859935955,132.040528,4.0185
KIC 5866724,Kepler-65 d,8.13121389,137.99254,4.2386
KIC 5868793,Kepler-1582 b,4.83809469,135.1562,1.096
KIC 5880320,Kepler-758 b,12.10968709,140.21258,6.3461
KIC 5880320,Kepler-758 c,4.75796103,137.69636,4.66
KIC 5880320,Kepler-758 e,8.19345065,138.99617,5.234
KIC 5881688,Kepler-696 b,4.190425659,171.44122,2.8589
KIC 5895158,Kepler-1532 b,1.093665854,132.47213,1.4399
KIC 5940165,Kepler-1062 b,9.30413878,140.33868,1.9254
KIC 5941160,Kepler-200 b,8.59481851,171.62781,3.254
KIC 5941160,Kepler-200 c,10.22215697,135.89017,1.1939
KIC 5956342,Kepler-265 b,6.84619236,132.17265,3.529
KIC 5956342,Kepler-265 c,17.02902786,143.33395,4.645
KIC 5956656,Kepler-756 b,1.224866441,133.20824,1.7086
KIC 5959719,Kepler-390 b,6.73808701,133.32953,2.591
KIC 5959719,Kepler-390 c,13.0600399,144.33107,2.851
KIC 5959753,Kepler-496 b,8.30865307,138.10788,3.2747
KIC 5965819,Kepler-1468 b,8.23983041,137.75528,5.619
KIC 5965819,Kepler-1468 c,3.54553077,132.37486,4.143
KIC 5972334,Kepler-487 b,15.358767771,132.385085,4.1223
KIC 5980208,Kepler-1331 b,0.789160884,131.50545,0.9268
KIC 6020753,Kepler-202 b,4.069425638,171.017743,2.0396
KIC 6020753,Kepler-202 c,16.28247625,180.79815,2.9227
KIC 6021193,Kepler-363 b,3.61460279,134.69521,3.227
KIC 6021193,Kepler-363 c,7.54235832,132.96117,4.73
KIC 6021193,Kepler-363 d,11.93205399,142.10648,6.205
KIC 6021275,Kepler-132 b,6.17817366,168.8626,3.2601
KIC 6021275,Kepler-132 c,6.41491277,169.64044,3.3629
KIC 6021275,Kepler-132 d,18.01019956,179.42137,3.516
KIC 6022556,Kepler-697 b,3.709870784,171.987982,3.0694
KIC 6026438,Kepler-354 b,5.47665801,135.70431,2.5482
KIC 6026438,Kepler-354 c,16.9348104,137.2502,3.408
KIC 6029239,Kepler-518 b,8.512037736,174.909816,2.1861
KIC 6032497,Kepler-698 b,16.3297527,177.29506,6.271
KIC 6034945,Kepler-927 b,9.11500269,133.97523,4.558
KIC 6035124,Kepler-1081 b,3.85690686,134.47405,2.0808
KIC 6037581,Kepler-336 b,2.0248205,132.35465,2.55
KIC 6037581,Kepler-336 c,9.59993246,136.58227,4.3206
KIC 6046540,Kepler-74 b,7.340714946,134.3457036,2.9987
KIC 6047072,Kepler-1095 b,4.27103727,133.14028,2.2759
KIC 6060203,Kepler-757 b,1.022678654,133.45422,1.3712
KIC 6062088,Kepler-203 b,3.162692075,169.64186,1.9529
KIC 6062088,Kepler-203 c,5.370639542,172.23815,2.1121
KIC 6062088,Kepler-203 d,11.32977062,133.96755,3.845
KIC 6063220,Kepler-99 b,4.603575293,171.840124,2.3499
KIC 6118370,Kepler-1506 b,14.0328775,138.0603,6.684
KIC 6124512,Kepler-1296 b,8.38395796,134.41408,5.2
KIC 6129524,Kepler-1379 b,0.88184263,131.68869,1.3117
KIC 6152974,Kepler-118 b,7.51854537,132.53078,2.845
KIC 6184894,Kepler-1627 b,7.20281185,135.19499,2.8305
KIC 6186964,Kepler-1366 b,2.164570593,131.83142,1.2862
KIC 6196457,Kepler-92 b,13.74883059,179.279158,6.0968
KIC 6198999,Kepler-928 b,3.93246069,132.55435,2.1763
KIC 6200235,Kepler-1205 b,1.078389713,133.25041,1.3394
KIC 6205228,Kepler-996 b,3.770590654,133.39088,2.029
KIC 6205897,Kepler-1029 b,4.417692516,133.96139,2.323
KIC 6206214,Kepler-1158 b,13.53953595,143.15629,4.389
KIC 6209677,Kepler-948 b,7.76845639,138.06602,3.689
KIC 6226290,Kepler-1057 b,14.08826442,137.34334,4.1847
KIC 6265792,Kepler-1338 b,0.935115863,132.20193,1.6172
KIC 6266741,Kepler-170 b,7.930583519,169.516944,3.6083
KIC 6266741,Kepler-170 c,16.6658994,180.20215,4.1934
KIC 6267535,Kepler-638 b,6.07972016,170.58389,7.1228
KIC 6268648,Kepler-907 b,15.86624787,141.08734,4.25
KIC 6269070,Kepler-1288 b,2.7612237,131.6081,3.681
KIC 6272413,Kepler-776 b,4.89721006,133.39852,1.812
KIC 6276477,Kepler-701 b,10.35533116,170.93729,3.1775
KIC 6278762,Kepler-444 b,3.60011712,133.25983,2.396
KIC 6278762,Kepler-444 c,4.54586982,131.52442,1.756
KIC 6278762,Kepler-444 d,6.18943952,134.78,2.3316
KIC 6278762,Kepler-444 e,7.74347801,135.09417,2.7878
KIC 6278762,Kepler-444 f,9.74048508,134.87916,1.6993
KIC 6287313,Kepler-1147 b,10.62788695,137.81843,4.576
KIC 6289257,Kepler-520 c,5.21104597,131.53797,3.3447
KIC 6291033,Kepler-557 b,3.705991661,169.94286,5.1658
KIC 6291653,Kepler-702 b,10.526294577,176.522462,2.5211
KIC 6294819,Kepler-1368 b,0.675650404,131.68114,1.8261
KIC 6305192,Kepler-494 b,8.025118521,132.469133,5.3694
KIC 6310636,Kepler-929 b,0.921030497,132.03171,2.6077
KIC 6343170,Kepler-1230 b,9.95667035,136.5827,3.534
KIC 6345732,Kepler-1370 c,7.44136102,137.74695,4.554
KIC 6347299,Kepler-204 b,14.40090414,174.98964,4.1682
KIC 6356207,Kepler-1059 b,3.76417012,132.35462,2.0111
KIC 6359320,Kepler-269 b,5.32667299,357.12617,3.4045
KIC 6359320,Kepler-269 c,8.1280933,358.68367,3.727
KIC 6362874,Kepler-775 b,0.974868896,133.076265,1.6191
KIC 6365156,Kepler-639 b,10.21418792,170.70466,5.8201
KIC 6381846,Kepler-171 b,4.16696628,169.715517,2.7535
KIC 6381846,Kepler-171 c,11.46347165,137.38521,2.599
KIC 6382217,Kepler-353 b,5.79529495,136.77974,2.272
KIC 6382217,Kepler-353 c,8.41100305,133.79856,2.4553
KIC 6383785,Kepler-501 b,5.640676975,138.556259,2.8354
KIC 6387542,Kepler-912 b,2.53475568,132.68024,4.5716
KIC 6392727,Kepler-703 b,4.583520948,169.973972,2.7055
KIC 6422070,Kepler-704 b,3.76181843,171.90364,3.5176
KIC 6422155,Kepler-172 b,2.940304817,169.90496,2.7226
KIC 6422155,Kepler-172 c,6.38899658,175.4761,3.5032
KIC 6422155,Kepler-172 d,14.62709685,136.23467,4.097
KIC 6425957,Kepler-205 b,2.755637216,170.845854,1.8559
KIC 6428700,Kepler-242 b,8.20396958,169.69138,2.9667
KIC 6428700,Kepler-242 c,14.49645186,143.41659,4.016
KIC 6442340,Kepler-206 b,7.78199862,133.58871,3.947
KIC 6442340,Kepler-206 c,13.13747785,170.22786,4.8655
KIC 6444896,Kepler-1649 b,8.68910764,133.23559,1.1627
KIC 6448890,Kepler-56 b,10.5007712,135.6479,14.522
KIC 6451936,Kepler-173 b,4.26374378,133.72073,2.2725
KIC 6451936,Kepler-173 c,8.00579096,170.50325,3.0549
KIC 6462863,Kepler-89 b,3.743166733,131.61967,3.6888
KIC 6462863,Kepler-89 c,10.423677439,138.009041,5.2257
KIC 6508221,Kepler-152 b,18.20795835,185.84306,3.7965
KIC 6521045,Kepler-100 b,6.88707073,133.17797,4.4679
KIC 6521045,Kepler-100 c,12.81590421,122.94682,6.3856
KIC 6528464,Kepler-449 b,12.58229808,175.02129,6.375
KIC 6541920,Kepler-11 b,10.30401132,138.50377,4.2246
KIC 6541920,Kepler-11 c,13.02493307,138.176157,4.5706
KIC 6543893,Kepler-913 b,10.29674097,132.19453,2.7292
KIC 6586746,Kepler-1335 b,6.26404774,132.82928,2.39
KIC 6587280,Kepler-243 b,5.715425977,174.87931,2.5242
KIC 6599975,Kepler-1501 b,14.5565618,141.03671,4.554
KIC 6607357,Kepler-1365 b,7.69994466,134.39282,4.432
KIC 6607357,Kepler-1365 c,4.77466043,135.16338,3.804
KIC 6607644,Kepler-1559 b,0.971915957,132.16504,1.6023
KIC 6616218,Kepler-314 b,2.46106962,133.32138,2.184
KIC 6616218,Kepler-314 c,5.960400011,137.265171,2.8617
KIC 6665512,Kepler-1048 b,6.92101452,135.64343,4.3591
KIC 6665695,Kepler-601 b,5.378868001,169.61512,2.7222
KIC 6677841,Kepler-279 b,12.30971679,137.68401,6.74
KIC 6678383,Kepler-104 b,11.427550984,137.613711,4.6074
KIC 6685526,Kepler-707 b,2.237489571,170.81914,1.8119
KIC 6685609,Kepler-207 b,1.61189046,133.5704,3.0792
KIC 6685609,Kepler-207 c,3.07155284,133.30255,4.0935
KIC 6685609,Kepler-207 d,5.868066282,170.324046,4.1246
KIC 6690082,Kepler-280 b,2.1395563,133.65392,2.0678
KIC 6690082,Kepler-280 c,4.807103254,134.640371,0.9393
KIC 6690836,Kepler-1317 b,0.568874717,132.048771,1.2177
KIC 6693640,Kepler-798 b,13.71938426,140.74483,5.5677
KIC 6697756,Kepler-1351 b,0.916142298,132.02221,1.1555
KIC 6705026,Kepler-1483 b,9.5084871,140.5602,4.372
KIC 6707833,Kepler-602 b,15.28467725,175.62345,6.0768
KIC 6716545,Kepler-1383 b,13.9093544,142.8769,6.765
KIC 6751874,Kepler-1174 b,6.89226333,132.4644,2.4921
KIC 6755944,Kepler-1547 b,0.692978457,131.80142,1.1366
KIC 6767840,Kepler-1262 b,8.679037,140.90423,2.864
KIC 6768394,Kepler-60 b,7.1329472,135.99259,4.368
KIC 6768394,Kepler-60 c,8.91901228,140.0777,4.141
KIC 6768394,Kepler-60 d,11.8984948,133.34685,3.015
KIC 6773862,Kepler-988 b,17.76076524,137.50778,1.6679
KIC 6774537,Kepler-1120 b,2.949029106,133.13832,2.0311
KIC 6779260,Kepler-1313 b,3.833087643,131.63482,1.51
KIC 6784235,Kepler-708 b,3.167893418,172.147959,2.1814
KIC 6786037,Kepler-603 d,6.21716039,131.71857,4.4289
KIC 6838050,Kepler-583 b,6.51003001,172.91588,3.3095
KIC 6842682,Kepler-1303 b,7.56126152,135.6368,2.851
KIC 6849046,Kepler-491 b,4.225384543,137.5606891,2.82038
KIC 6849310,Kepler-244 b,4.311780262,173.576483,2.7251
KIC 6849310,Kepler-244 c,9.76734503,186.57718,1.6585
KIC 6850504,Kepler-20 b,3.696121272,134.5014,2.463
KIC 6850504,Kepler-20 c,10.854095934,138.608031,3.7768
KIC 6850504,Kepler-20 e,6.09855603,135.92906,2.9815
KIC 6851425,Kepler-477 b,11.1199028,139.753524,3.3759
KIC 6863998,Kepler-709 b,16.08518937,180.28319,3.984
KIC 6867555,Kepler-1239 b,5.19103699,135.21628,4.222
KIC 6871071,Kepler-374 b,1.897828815,132.6785,2.7114
KIC 6871071,Kepler-374 c,3.2828024,131.89965,3.2532
KIC 6871071,Kepler-374 d,5.02818253,134.10891,3.526
KIC 6921944,Kepler-1105 b,4.421566535,132.18465,2.1229
KIC 6922244,Kepler-8 b,3.522498429,121.1194228,3.19843
KIC 6924203,Kepler-829 b,6.8833761,135.26522,2.2702
KIC 6929841,Kepler-1414 b,3.51575492,134.29974,1.381
KIC 6933567,Kepler-1301 b,9.08233411,139.65489,2.008
KIC 6934291,Kepler-828 b,0.567856484,134.063088,1.0258
KIC 6936909,Kepler-291 b,3.546531809,134.90127,2.2746
KIC 6936909,Kepler-291 c,5.70070626,132.69229,1.6408
KIC 6937402,Kepler-1380 b,10.3108232,141.5114,5.617
KIC 6937529,Kepler-1597 b,2.94648935,132.42208,3.155
KIC 6948054,Kepler-245 b,7.49018305,174.95037,2.7297
KIC 6948054,Kepler-245 c,17.46087931,137.26594,2.2641
KIC 6948054,Kepler-245 e,3.219814777,133.00406,2.0642
KIC 6949061,Kepler-343 b,8.96847034,139.39473,4.4073
KIC 6949607,Kepler-28 b,5.912273234,172.184012,2.3254
KIC 6949607,Kepler-28 c,8.98581901,175.68418,2.8606
KIC 6962109,Kepler-1134 b,17.13263125,147.1546,3.0555
KIC 6962977,Kepler-292 b,2.58083264,171.56048,2.1729
KIC 6962977,Kepler-292 c,3.71545593,169.78318,2.558
KIC 6962977,Kepler-292 d,7.0556584,181.91205,3.0479
KIC 6962977,Kepler-292 e,11.97884409,178.96957,3.751
KIC 6964929,Kepler-1340 b,0.665025941,131.65962,1.7542
KIC 6975129,Kepler-312 b,1.772451066,132.08668,2.4592
KIC 7019524,Kepler-1376 b,5.30873978,134.25061,3.018
KIC 7033233,Kepler-1197 b,2.032318856,132.64394,1.1596
KIC 7033671,Kepler-641 b,9.48965527,171.92604,3.587
KIC 7040629,Kepler-208 b,4.22865217,170.74053,3.3275
KIC 7040629,Kepler-208 c,7.46662068,132.7755,3.87
KIC 7040629,Kepler-208 d,11.1317901,134.42272,4.051
KIC 7040629,Kepler-208 e,16.25951967,144.53203,3.854
KIC 7045496,Kepler-1021 b,13.47472742,133.48999,2.5995
KIC 7046035,Kepler-1603 b,2.27164952,131.82601,4.054
KIC 7046804,Kepler-492 b,11.720123999,142.173999,3.0039
KIC 7050989,Kepler-136 b,11.57890926,175.58603,2.7207
KIC 7050989,Kepler-136 c,16.39926461,131.96806,3.4108
KIC 7090524,Kepler-1386 b,6.73968289,132.29296,4.183
KIC 7091432,Kepler-1477 b,11.55532445,134.12977,3.499
KIC 7094486,Kepler-1009 b,11.35010642,134.04612,2.2792
KIC 7100673,Kepler-1542 b,3.95116635,134.22411,2.566
KIC 7100673,Kepler-1542 c,2.89223998,132.86232,2.521
KIC 7100673,Kepler-1542 d,5.99273265,131.75079,2.6502
KIC 7100673,Kepler-1542 e,5.10110666,132.42955,2.657
KIC 7102227,Kepler-290 b,14.58932429,141.93498,2.4184
KIC 7107802,Kepler-1231 b,10.41728722,137.45784,4.125
KIC 7109675,Kepler-46 d,6.76652928,138.0637,2.9004
KIC 7115785,Kepler-209 b,16.08786246,172.81384,3.095
KIC 7118364,Kepler-710 b,4.347288783,172.23343,2.1024
KIC 7124613,Kepler-642 b,4.41746257,170.79073,2.965
KIC 7132798,Kepler-119 b,2.422084188,132.940079,2.5613
KIC 7132798,Kepler-119 c,4.12511935,133.64014,2.877
KIC 7133294,Kepler-1607 b,13.6471211,132.2552,8.331
KIC 7134976,Kepler-246 b,4.601811819,169.98108,2.2607
KIC 7134976,Kepler-246 c,11.18719905,137.17814,3.252
KIC 7175184,Kepler-144 b,5.88527364,174.42554,1.9531
KIC 7175184,Kepler-144 c,10.10463142,135.55718,2.369
KIC 7204981,Kepler-1127 b,5.1233204,132.08472,2.7466
KIC 7207061,Kepler-417 b,12.33087921,361.9744,3.0664
KIC 7207061,Kepler-417 c,15.94248453,146.33157,3.4894
KIC 7211221,Kepler-831 b,5.62154315,136.89013,2.4143
KIC 7211469,Kepler-830 b,11.29689442,134.57233,4.623
KIC 7215603,Kepler-910 b,2.36436762,132.25007,3.372
KIC 7216284,Kepler-1420 b,6.69958851,134.1468,2.831
KIC 7219825,Kepler-123 b,17.23232894,135.0922,4.5568
KIC 7220429,Kepler-931 b,8.03753796,139.3582,2.9118
KIC 7259298,Kepler-1278 b,3.23941775,133.98383,2.569
KIC 7265298,Kepler-355 b,11.0317836,362.3431,4.753
KIC 7269493,Kepler-1027 b,1.907810683,131.63784,1.8707
KIC 7269974,Kepler-160 b,4.309381978,134.03552,2.8977
KIC 7269974,Kepler-160 c,13.69942266,171.48036,4.3409
KIC 7273277,Kepler-1035 b,2.714078374,133.71179,1.3115
KIC 7277317,Kepler-643 b,16.33888067,177.917586,9.3599
KIC 7286911,Kepler-1133 b,11.55562042,138.19752,1.6758
KIC 7287995,Kepler-81 b,5.95489993,170.955871,2.3892
KIC 7287995,Kepler-81 c,12.03987488,181.22536,2.7363
KIC 7289317,Kepler-1243 b,16.83203175,140.53041,4.031
KIC 7295235,Kepler-743 b,3.179267286,261.841607,1.0246
KIC 7304449,Kepler-1650 b,1.538180949,131.822823,1.2635
KIC 7350067,Kepler-1646 b,4.48559215,135.43172,0.8161
KIC 7366258,Kepler-82 d,2.382951591,135.080841,1.8876
KIC 7366258,Kepler-82 e,5.902245782,136.78393,2.9003
KIC 7368664,Kepler-434 b,12.874712426,170.022499,2.2491
KIC 7382313,Kepler-1220 b,7.42697378,133.099,3.206
KIC 7419318,Kepler-137 b,8.43639829,179.88704,3.2451
KIC 7419318,Kepler-137 c,18.73577127,177.634372,3.0356
KIC 7427764,Kepler-1595 b,4.56383697,132.26068,2.271
KIC 7428736,Kepler-1358 b,7.06321927,132.52395,2.411
KIC 7434875,Kepler-247 b,3.336123113,135.31623,1.9616
KIC 7434875,Kepler-247 c,9.439459486,177.186096,2.8979
KIC 7439316,Kepler-866 b,2.617028373,134.03294,2.046
KIC 7440748,Kepler-161 b,4.9213639,174.299322,1.8806
KIC 7440748,Kepler-161 c,7.064252021,135.379512,1.3867
KIC 7445445,Kepler-184 b,10.68758211,169.93115,3.3812
KIC 7447200,Kepler-210 b,2.453236139,170.892059,1.6691
KIC 7447200,Kepler-210 c,7.972510087,171.585057,2.9754
KIC 7449136,Kepler-1002 b,4.33643506,133.85442,4.1445
KIC 7449541,Kepler-1078 b,3.00725068,131.90484,4.4302
KIC 7455287,Kepler-54 b,8.01078456,170.20739,2.312
KIC 7455287,Kepler-54 c,12.07134205,143.45948,4.3224
KIC 7455981,Kepler-1425 b,14.4540329,135.4521,7.183
KIC 7457296,Kepler-1145 b,3.97076603,134.63962,1.814
KIC 7458762,Kepler-713 b,7.41113177,175.34754,2.5242
KIC 7504778,Kepler-1188 b,17.1369408,141.01497,6.416
KIC 7509886,Kepler-211 b,4.13852825,132.01882,2.281
KIC 7509886,Kepler-211 c,6.0404622,172.59327,1.98
KIC 7515212,Kepler-212 b,16.2580276,139.6381,6.375
KIC 7515679,Kepler-1517 b,5.546083089,133.50348,2.717
KIC 7529266,Kepler-435 b,8.600153929,177.642421,9.0015
KIC 7532973,Kepler-854 b,2.144632238,133.984128,6.2701
KIC 7542813,Kepler-1180 b,16.8600805,139.84916,5.557
KIC 7582689,Kepler-431 b,6.80257947,138.0478,4.608
KIC 7582689,Kepler-431 c,8.70312154,140.15531,4.807
KIC 7582689,Kepler-431 d,11.9216035,137.47581,5.009
KIC 7585481,Kepler-714 b,8.09888906,176.623731,4.20241
KIC 7595157,Kepler-605 b,3.383540239,169.63859,1.403
KIC 7595157,Kepler-605 c,2.358952404,132.68957,1.593
KIC 7596240,Kepler-1584 b,13.3997555,131.84235,3.534
KIC 7603200,Kepler-138 b,10.31282204,133.53528,2.0138
KIC 7603200,Kepler-138 c,13.78109471,177.852785,2.3188
KIC 7604328,Kepler-1245 b,4.35407371,132.85695,2.427
KIC 7604328,Kepler-1245 c,2.936587946,133.03618,1.8952
KIC 7605093,Kepler-1356 b,0.634003002,131.89476,0.9207
KIC 7609553,Kepler-1387 b,2.279523364,133.3576,1.6202
KIC 7610663,Kepler-1560 b,3.03196812,133.98825,1.723
KIC 7620413,Kepler-1098 b,2.543063763,132.68159,2.8473
KIC 7626370,Kepler-932 b,1.921437488,131.806204,1.9046
KIC 7626506,Kepler-112 b,8.408878137,134.006366,3.4967
KIC 7629518,Kepler-863 b,15.59466045,137.5636,5.0478
KIC 7663405,Kepler-876 b,5.1443645,133.83044,2.703
KIC 7663691,Kepler-715 b,10.00653012,176.96898,5.344
KIC 7668663,Kepler-1005 b,6.4980147,136.00108,2.4384
KIC 7672097,Kepler-1160 b,7.97033985,136.55775,2.6675
KIC 7673192,Kepler-402 b,4.02877097,133.76774,3.173
KIC 7673192,Kepler-402 c,6.12479773,134.93803,3.466
KIC 7673192,Kepler-402 d,8.92114318,137.49071,3.933
KIC 7673192,Kepler-402 e,11.24284815,136.32084,4.241
KIC 7673841,Kepler-392 b,5.34182466,136.3186,3.577
KIC 7673841,Kepler-392 c,10.42317343,135.15208,2.341
KIC 7676423,Kepler-1430 b,2.46050095,133.61605,1.861
KIC 7678434,Kepler-716 b,10.37168928,172.61729,3.035
KIC 7685981,Kepler-717 b,4.40841331,172.18582,5.012
KIC 7691260,Kepler-882 b,3.989544192,134.0989,1.591
KIC 7747425,Kepler-341 b,5.19559398,132.72178,3.748
KIC 7747425,Kepler-341 c,8.0103929,135.31823,4.2713
KIC 7747457,Kepler-1613 b,1.5184181,132.138,2.842
KIC 7755636,Kepler-1015 b,16.00496657,135.25305,6.5047
KIC 7764367,Kepler-644 b,3.173914037,170.92525,3.6069
KIC 7765528,Kepler-972 b,7.03932913,133.85433,3.514
KIC 7767162,Kepler-1375 b,3.30040818,133.56723,4.462
KIC 7769819,Kepler-1342 b,2.21571296,131.82107,1.8211
KIC 7778437,Kepler-471 b,5.014234733,133.174289,4.589
KIC 7778767,Kepler-1267 b,13.0313583,144.11544,4.521
KIC 7802719,Kepler-1157 b,4.45743267,132.16006,2.3226
KIC 7808587,Kepler-886 b,6.24145791,134.88892,3.0998
KIC 7815744,Kepler-933 b,14.20442616,142.7332,3.898
KIC 7825899,Kepler-248 b,6.308201629,174.047661,2.9785
KIC 7825899,Kepler-248 c,16.23947096,175.569907,4.0374
KIC 7826620,Kepler-1579 b,0.849906734,131.6741,1.141
KIC 7831264,Kepler-116 b,5.968724048,137.158607,3.651
KIC 7831264,Kepler-116 c,13.07141889,144.44217,3.0946
KIC 7832356,Kepler-855 b,7.886632468,360.514132,5.2147
KIC 7838675,Kepler-1561 b,1.005205893,132.45541,1.63
KIC 7841925,Kepler-865 b,14.16400071,140.58934,4.3031
KIC 7849854,Kepler-718 b,2.052349884,169.890622,2.0778
KIC 7869917,Kepler-880 b,7.71467686,133.55635,4.5871
KIC 7870032,Kepler-961 b,16.87725775,138.64907,3.7917
KIC 7870390,Kepler-83 b,9.7704486,175.71372,2.4517
KIC 7870390,Kepler-83 d,5.169804269,172.63153,2.153
KIC 7871954,Kepler-303 b,1.937029968,134.72107,1.4727
KIC 7871954,Kepler-303 c,7.06117322,136.27344,1.0406
KIC 7877496,Kepler-412 b,1.72086129,133.0209998,2.0243
KIC 7901948,Kepler-872 b,2.578852119,133.2237,2.3581
KIC 7907423,Kepler-249 b,3.306551643,134.37211,1.8177
KIC 7907423,Kepler-249 c,7.11373257,174.32351,2.1764
KIC 7907423,Kepler-249 d,15.36845737,147.38965,2.4714
KIC 7908367,Kepler-1642 b,12.2064304,134.053,2.407
KIC 7908367,Kepler-1642 c,6.6513189,135.289,2.135
KIC 7918992,Kepler-1091 b,1.434745129,132.62802,1.862
KIC 7935997,Kepler-1629 b,3.87594316,134.84758,2.314
KIC 7950644,Kepler-427 b,10.290994129,137.0220594,4.28889
KIC 7960980,Kepler-1170 b,9.98970266,133.76102,3.7
KIC 7977197,Kepler-162 b,6.91986988,134.11594,3.4253
KIC 8004903,Kepler-1286 b,11.25401871,136.8901,4.759
KIC 8008067,Kepler-139 b,15.77111067,184.90347,5.0574
KIC 8008206,Kepler-185 b,1.632916419,134.54956,1.5599
KIC 8009350,Kepler-892 b,13.75207851,143.03241,2.8831
KIC 8013439,Kepler-381 b,5.62904396,134.74679,3.7295
KIC 8013439,Kepler-381 c,13.39155154,133.05499,3.391
KIC 8015907,Kepler-585 b,2.752359689,171.259808,2.0722
KIC 8016691,Kepler-1456 b,18.1373788,136.8106,3.844
KIC 8017703,Kepler-174 b,13.98177862,181.975114,2.958
KIC 8022244,Kepler-175 b,11.90352088,178.34161,4.297
KIC 8022489,Kepler-1311 b,11.1726723,140.00764,6.106
KIC 8022489,Kepler-1311 c,2.53573284,133.01581,3.989
KIC 8025596,Kepler-1290 b,4.69505576,133.93643,3.058
KIC 8026752,Kepler-502 b,4.286866229,138.614882,4.4726
KIC 8030148,Kepler-474 b,5.660669429,137.416045,4.6483
KIC 8030339,Kepler-1534 b,5.71668787,136.32274,1.97
KIC 8036287,Kepler-1537 b,1.44445234,132.80685,0.9753
KIC 8037038,Kepler-1631 b,4.09513876,131.67784,2.462
KIC 8037145,Kepler-176 b,5.433132902,138.36644,2.4012
KIC 8037145,Kepler-176 c,12.75934489,170.32152,3.5889
KIC 8039892,Kepler-719 b,5.007316661,173.433997,4.2362
KIC 8041216,Kepler-500 b,8.508333104,134.785645,3.4559
KIC 8042453,Kepler-1182 b,11.17392077,134.70626,3.307
KIC 8043638,Kepler-559 b,17.58751692,176.077382,4.3773
KIC 8051946,Kepler-1416 b,1.4951513,132.66025,3.43
KIC 8073705,Kepler-1445 b,10.60052083,132.98523,4.509
KIC 8077137,Kepler-128 b,15.0896415,175.95371,4.3349
KIC 8081239,Kepler-1476 b,10.35857039,138.30794,2.577
KIC 8081899,Kepler-1235 b,4.16056658,132.27418,2.61
KIC 8081905,Kepler-1292 b,3.27645723,131.97924,2.219
KIC 8082001,Kepler-893 b,6.33855946,354.85104,3.4617
KIC 8095441,Kepler-1332 b,11.87457664,140.21259,1.9797
KIC 8107225,Kepler-499 b,5.63252508,133.81818,2.1448
KIC 8107380,Kepler-476 b,14.00640392,142.20885,4.6919
KIC 8120608,Kepler-186 b,3.886795001,133.32959,1.7574
KIC 8120608,Kepler-186 c,7.26731094,174.31292,2.2691
KIC 8120608,Kepler-186 d,13.3430025,176.90387,2.7399
KIC 8125580,Kepler-749 b,17.31711739,142.36094,3.1518
KIC 8150320,Kepler-55 d,2.211116989,170.150139,1.6485
KIC 8150320,Kepler-55 e,4.617490562,135.04909,2.2618
KIC 8150320,Kepler-55 f,10.19849255,137.92067,2.4283
KIC 8158127,Kepler-750 b,9.42889884,140.1046,4.4481
KIC 8158127,Kepler-750 c,4.08897299,135.76402,3.585
KIC 8161561,Kepler-645 b,3.275821982,170.25357,3.0427
KIC 8164012,Kepler-1106 b,1.252753881,133.17054,2.1472
KIC 8164257,Kepler-357 b,6.47539108,137.5825,2.7048
KIC 8164257,Kepler-357 c,16.85825609,142.34289,2.0728
KIC 8165946,Kepler-1100 b,6.42199919,134.58037,2.6192
KIC 8167996,Kepler-327 b,2.549562652,132.60803,1.6999
KIC 8167996,Kepler-327 c,5.21230171,132.71052,2.098
KIC 8167996,Kepler-327 d,13.96950181,132.17062,1.5871
KIC 8168187,Kepler-1142 b,18.3027235,142.89166,8.262
KIC 8174625,Kepler-751 b,17.44486016,141.6802,4.445
KIC 8191672,Kepler-5 b,3.548465446,122.9014315,4.56904
KIC 8193178,Kepler-187 b,4.93883135,135.95465,4.388
KIC 8193178,Kepler-187 c,10.64021008,179.77776,5.4381
KIC 8197343,Kepler-946 b,11.79161234,134.54064,3.036
KIC 8212002,Kepler-1285 b,14.7966306,142.74484,5.613
KIC 8218379,Kepler-1014 b,16.57099265,133.90704,2.9052
KIC 8219268,Kepler-91 b,6.24667547,136.38688,11.261
KIC 8222813,Kepler-760 b,8.70420525,357.55941,2.9385
KIC 8222813,Kepler-760 c,2.46697039,354.93093,1.6345
KIC 8226994,Kepler-250 b,4.14810719,133.3881,2.535
KIC 8226994,Kepler-250 c,7.15681552,174.13511,2.5882
KIC 8226994,Kepler-250 d,17.64830851,133.54533,2.0873
KIC 8229458,Kepler-1152 b,1.646801683,132.0615,1.1966
KIC 8229696,Kepler-761 b,10.12805158,139.1159,3.517
KIC 8230616,Kepler-316 b,2.240486703,137.82477,1.3988
KIC 8230616,Kepler-316 c,6.82778157,131.78839,2.3726
KIC 8235924,Kepler-1203 b,0.588001053,132.058754,1.1451
KIC 8240797,Kepler-321 b,4.915385452,132.69448,2.7757
KIC 8240797,Kepler-321 c,13.09390911,144.525,2.2805
KIC 8240904,Kepler-266 b,6.61836309,360.36694,3.6813
KIC 8247638,Kepler-251 b,4.79090809,136.31106,2.603
KIC 8247638,Kepler-251 c,16.51410989,176.11686,4.1575
KIC 8247771,Kepler-1200 b,1.118547814,132.84826,1.5534
KIC 8255887,Kepler-720 b,4.708326451,171.446507,3.16114
KIC 8277797,Kepler-322 b,1.653889476,132.18845,1.7242
KIC 8277797,Kepler-322 c,4.33722007,132.85152,2.4973
KIC 8278371,Kepler-780 b,0.677374687,133.94573,1.8361
KIC 8280511,Kepler-271 b,10.43547031,134.82462,3.4167
KIC 8280511,Kepler-271 c,7.41084314,135.75425,3.245
KIC 8280511,Kepler-271 d,5.24970432,135.46911,2.746
KIC 8282651,Kepler-1136 b,2.361724472,133.23932,1.2167
KIC 8288947,Kepler-778 b,3.75574267,133.4333,2.2911
KIC 8292840,Kepler-126 b,10.49566303,172.79335,4.7356
KIC 8344004,Kepler-188 b,2.06190864,133.19888,1.9743
KIC 8344004,Kepler-188 c,5.996533443,172.50558,3.3129
KIC 8346392,Kepler-777 b,5.72812616,135.18066,2.0295
KIC 8349582,Kepler-95 b,11.523067458,131.969055,3.8757
KIC 8351704,Kepler-779 b,7.09712124,136.34514,2.1059
KIC 8352537,Kepler-547 b,6.010383339,174.084883,2.1939
KIC 8355239,Kepler-189 b,10.39986173,141.51366,3.377
KIC 8359498,Kepler-77 b,3.578780566,134.0304187,2.91089
KIC 8361905,Kepler-646 b,15.87360981,182.40408,3.5246
KIC 8381204,Kepler-1119 b,8.32651854,135.58655,5.483
KIC 8394721,Kepler-79 b,13.48457668,136.61808,5.0197
KIC 8395660,Kepler-106 b,6.164876,135.63916,3.262
KIC 8395660,Kepler-106 c,13.57078281,136.279194,3.3539
KIC 8410727,Kepler-270 b,11.47609015,135.39622,5.046
KIC 8414716,Kepler-721 b,5.392026903,171.72707,2.9804
KIC 8415200,Kepler-1328 b,4.52158614,133.21804,3.4702
KIC 8416523,Kepler-1604 b,0.341842017,131.660336,1.1554
KIC 8426567,Kepler-1013 b,18.93055119,143.25058,3.372
KIC 8463346,Kepler-436 c,16.79716262,134.0417,3.83
KIC 8478994,Kepler-37 b,13.3669309,184.0734,3.733
KIC 8480285,Kepler-647 b,16.2254975,144.02673,6.471
KIC 8481129,Kepler-1223 b,16.3012727,133.79446,3.974
KIC 8490993,Kepler-722 b,4.093578461,171.00954,2.5833
KIC 8491277,Kepler-498 b,9.61375316,132.185679,4.654
KIC 8492026,Kepler-1054 b,4.30656389,132.44098,4.1107
KIC 8494410,Kepler-1516 b,7.2593226,131.71082,6.1394
KIC 8495415,Kepler-1208 b,11.08507658,355.03627,1.751
KIC 8505670,Kepler-252 b,6.66833241,137.43988,1.915
KIC 8505670,Kepler-252 c,10.8484518,171.80584,2.9993
KIC 8507475,Kepler-1585 b,3.58273837,134.95108,1.523
KIC 8543100,Kepler-1033 b,7.56052209,134.47889,3.8573
KIC 8544992,Kepler-388 b,3.17323012,133.69979,1.9094
KIC 8544992,Kepler-388 c,13.2970695,140.94606,3.283
KIC 8544996,Kepler-723 b,4.082274889,169.6375652,3.23015
KIC 8547140,Kepler-801 b,11.41926141,137.66894,3.9908
KIC 8552719,Kepler-953 c,9.10969334,133.06566,5.3181
KIC 8557374,Kepler-213 b,2.462344253,171.84315,1.8113
KIC 8557374,Kepler-213 c,4.822969318,134.43535,0.8752
KIC 8558011,Kepler-607 b,0.638162933,131.74826,1.2313
KIC 8559152,Kepler-1256 b,12.4128518,140.35679,4.298
KIC 8559644,Kepler-111 b,3.341799486,141.35472,2.9254
KIC 8561063,Kepler-42 b,1.213770423,170.483645,0.5532
KIC 8561063,Kepler-42 c,0.453287416,133.869741,0.4445
KIC 8561063,Kepler-42 d,1.865114193,133.792344,0.4279
KIC 8564587,Kepler-57 b,5.729317577,138.559971,1.1816
KIC 8564587,Kepler-57 c,11.60908533,133.99324,2.2603
KIC 8564674,Kepler-349 b,5.92972237,135.49811,2.518
KIC 8564674,Kepler-349 c,12.2476121,138.2196,3.209
KIC 8565266,Kepler-608 b,6.412512953,169.879804,5.2677
KIC 8573193,Kepler-1591 b,8.18504859,134.554,4.673
KIC 8609450,Kepler-282 b,9.2207691,138.0072,4.907
KIC 8609450,Kepler-282 c,13.6396648,141.7301,5.425
KIC 8612275,Kepler-360 b,3.289726319,131.75522,2.3274
KIC 8612275,Kepler-360 c,7.18644594,136.62345,1.4972
KIC 8612847,Kepler-800 b,14.13175309,142.26044,4.0136
KIC 8613535,Kepler-1165 b,9.47850818,140.16526,6.154
KIC 8616637,Kepler-190 b,2.019997006,170.07102,1.8073
KIC 8616637,Kepler-190 c,3.763041531,132.59298,1.6011
KIC 8625925,Kepler-609 b,6.521209629,175.7111,2.7975
KIC 8628758,Kepler-804 b,14.37457572,138.20189,4.7892
KIC 8628758,Kepler-804 c,9.65188331,132.15947,4.296
KIC 8628973,Kepler-724 b,3.314947362,171.313058,1.8007
KIC 8630788,Kepler-281 b,14.64613058,136.5227,5.688
KIC 8644288,Kepler-18 b,3.504691252,133.511941,1.9811
KIC 8644288,Kepler-18 c,7.641567589,135.407564,3.41018
KIC 8644288,Kepler-18 d,14.85890852,128.154869,3.5252
KIC 8653134,Kepler-1643 b,5.34264143,134.38122,2.453
KIC 8680979,Kepler-330 b,8.25980352,137.47021,2.928
KIC 8680979,Kepler-330 c,15.95541913,143.30236,3.9851
KIC 8681734,Kepler-1198 b,7.68478504,137.64035,2.447
KIC 8681833,Kepler-1372 b,1.311558909,131.53283,1.919
KIC 8685497,Kepler-914 b,4.4096675,132.45003,2.1418
KIC 8689373,Kepler-253 b,3.78402867,133.28133,1.9012
KIC 8689373,Kepler-253 c,10.28194593,175.33988,3.4366
KIC 8689373,Kepler-253 d,18.11993039,182.61535,4.2309
KIC 8689793,Kepler-1003 b,3.554856338,131.80398,2.1004
KIC 8692861,Kepler-69 b,13.7223682,137.84083,5.1231
KIC 8700771,Kepler-806 b,8.0922105,138.04535,5.7696
KIC 8711794,Kepler-463 b,8.981014925,136.649307,1.8478
KIC 8733898,Kepler-446 b,1.565412613,132.91281,0.7572
KIC 8733898,Kepler-446 c,3.036208739,134.06146,0.9324
KIC 8733898,Kepler-446 d,5.14892346,133.31971,0.9613
KIC 8738735,Kepler-214 b,15.66057688,146.3487,7.012
KIC 8750043,Kepler-1055 b,2.29503515,132.69329,1.654
KIC 8751796,Kepler-1435 b,4.45342418,133.09066,3.654
KIC 8753657,Kepler-406 b,2.426304127,170.455517,2.6624
KIC 8753657,Kepler-406 c,4.62334491,132.37083,3.0189
KIC 8753896,Kepler-389 b,3.24417541,132.94014,1.992
KIC 8753896,Kepler-389 c,14.5123622,143.8154,4.163
KIC 8757824,Kepler-1275 b,3.65690909,134.95269,2.064
KIC 8760040,Kepler-1396 b,18.2206024,141.37607,5.109
KIC 8766650,Kepler-1008 b,12.43929428,136.37952,3.176
KIC 8773015,Kepler-1586 b,15.604841,131.9989,4.543
KIC 8780959,Kepler-1518 b,5.1117547,133.76122,3.281
KIC 8801316,Kepler-1394 b,3.93766786,135.27724,4.655
KIC 8802165,Kepler-648 b,17.42115972,184.245906,4.9974
KIC 8804845,Kepler-1067 b,0.762132307,131.61542,1.22
KIC 8822216,Kepler-610 b,6.996926239,175.914281,2.7374
KIC 8826168,Kepler-980 b,11.55103848,134.90803,3.3601
KIC 8826878,Kepler-727 b,5.15448142,171.6389,3.228
KIC 8832512,Kepler-963 b,9.97682072,131.76825,3.4873
KIC 8845205,Kepler-560 b,18.47762694,185.269061,1.94
KIC 8866102,Kepler-410 A b,17.83367834,181.233943,4.5112
KIC 8874090,Kepler-834 b,13.32389352,135.24585,3.2208
KIC 8878187,Kepler-650 b,3.032147946,171.734281,3.8627
KIC 8883329,Kepler-393 b,9.18244299,134.04601,4.318
KIC 8883329,Kepler-393 c,14.6134781,140.41368,5.266
KIC 8883593,Kepler-728 b,5.743469797,174.898924,3.4412
KIC 8884274,Kepler-1374 b,10.65275054,136.08994,2.684
KIC 8885643,Kepler-1346 b,3.40165617,132.06195,1.9617
KIC 8890150,Kepler-395 b,7.05429483,136.18961,1.716
KIC 8890783,Kepler-561 c,5.350156114,195.761347,2.2647
KIC 8892157,Kepler-1149 b,3.73090026,132.89428,2.9095
KIC 8892303,Kepler-1314 b,5.424749327,133.728952,1.139
KIC 8895758,Kepler-1427 b,0.968980781,132.41921,1.517
KIC 8947520,Kepler-1264 b,0.968527683,131.50954,1.3672
KIC 8950568,Kepler-85 b,8.30537702,139.7437,3.751
KIC 8950568,Kepler-85 c,12.51353325,139.42461,4.301
KIC 8950568,Kepler-85 d,17.9134215,135.52921,4.364
KIC 8956206,Kepler-1071 b,6.17998508,132.72278,2.1094
KIC 8962094,Kepler-215 b,9.36059705,171.97292,3.2069
KIC 8962094,Kepler-215 c,14.6672293,145.42058,3.742
KIC 8972058,Kepler-115 b,2.403640701,134.73065,1.4012
KIC 8972058,Kepler-115 c,8.99088621,136.73923,4.2447
KIC 8978528,Kepler-329 b,7.41634701,135.85372,2.1362
KIC 8978528,Kepler-329 c,18.6848377,136.14587,3.7965
KIC 9002278,Kepler-62 b,5.71489692,170.921904,2.3572
KIC 9002278,Kepler-62 c,12.4418003,134.6507,3.572
KIC 9002278,Kepler-62 d,18.16407304,180.812425,2.9355
KIC 9006186,Kepler-1130 b,5.45298742,134.15183,2.1328
KIC 9006449,Kepler-295 b,12.64504291,138.63149,9.117
KIC 9008737,Kepler-404 b,11.8288843,137.6991,3.337
KIC 9008737,Kepler-404 c,14.7512034,137.1559,1.25
KIC 9009036,Kepler-1616 b,6.76289308,135.6771,6.204
KIC 9015738,Kepler-909 b,13.93291548,139.41058,2.6239
KIC 9020160,Kepler-191 b,9.93962361,131.58267,3.432
KIC 9020160,Kepler-191 c,17.73842886,148.99011,3.0049
KIC 9020160,Kepler-191 d,5.945043548,170.472237,2.7004
KIC 9034103,Kepler-832 b,7.13969705,137.18652,3.981
KIC 9044228,Kepler-1039 b,0.934885365,131.580676,1.4083
KIC 9070666,Kepler-1408 b,2.99792926,131.76579,4.398
KIC 9076513,Kepler-611 b,2.437029217,170.73808,3.2005
KIC 9076971,Kepler-1400 b,9.06687613,134.75185,3.381
KIC 9077124,Kepler-729 b,3.166353562,170.966145,3.3129
KIC 9092504,Kepler-1322 b,0.962864171,132.12548,1.6802
KIC 9100953,Kepler-1610 b,8.70179611,138.24633,3.048
KIC 9101496,Kepler-335 b,6.56226483,132.61123,4.0144
KIC 9112931,Kepler-1161 b,10.71253475,137.16499,2.7186
KIC 9115800,Kepler-548 b,4.454194254,172.8202233,2.3061
KIC 9139084,Kepler-523 b,5.83599485,169.87446,2.062
KIC 9141746,Kepler-730 b,6.491682808,174.633553,4.301
KIC 9146018,Kepler-192 b,9.9267215,175.68671,3.8428
KIC 9146018,Kepler-192 d,6.47027706,136.50567,3.343
KIC 9153570,Kepler-1295 b,3.81371423,132.57465,1.973
KIC 9157634,Kepler-586 b,2.104721971,171.044219,1.7547
KIC 9166862,Kepler-731 b,3.855603916,170.6787843,3.2179
KIC 9183378,Kepler-1571 b,3.38557445,133.97411,1.879
KIC 9209624,Kepler-387 b,6.79164656,136.48519,3.343
KIC 9209624,Kepler-387 c,11.8376933,142.21212,3.381
KIC 9214942,Kepler-833 b,18.75470238,141.7172,3.0331
KIC 9216775,Kepler-1612 b,3.91794676,132.86384,2.549
KIC 9221517,Kepler-1173 b,0.769854899,132.51944,1.0243
KIC 9229657,Kepler-1257 b,2.66831274,131.68823,2.4141
KIC 9230021,Kepler-1497 b,8.74192361,135.42727,4.235
KIC 9264949,Kepler-835 b,11.41911886,186.30498,5.135
KIC 9269042,Kepler-1221 b,12.00089667,142.04182,3.266
KIC 9271752,Kepler-836 b,11.36113254,136.92584,4.1886
KIC 9272070,Kepler-1555 b,8.10503551,135.88389,4.459
KIC 9277896,Kepler-915 b,4.59489816,133.83995,3.1381
KIC 9278725,Kepler-1148 b,1.104462494,132.32134,1.0458
KIC 9279669,Kepler-612 b,3.722158895,171.560055,1.9941
KIC 9285265,Kepler-1491 b,16.5860329,133.28136,7.043
KIC 9285568,Kepler-1575 b,2.55315031,132.44849,1.849
KIC 9304101,Kepler-1079 b,13.24503482,142.00573,4.4078
KIC 9305831,Kepler-44 b,3.246732048,133.379165,3.0535
KIC 9334289,Kepler-254 b,5.826657508,173.011411,2.9183
KIC 9334289,Kepler-254 c,12.41216347,142.54039,3.739
KIC 9334289,Kepler-254 d,18.74649011,147.13074,3.895
KIC 9336200,Kepler-1153 b,1.755843555,133.15509,1.9425
KIC 9351316,Kepler-1086 b,18.78429232,137.88207,3.1136
KIC 9351920,Kepler-1111 b,8.79618433,135.67645,3.3781
KIC 9353314,Kepler-1007 b,5.18498961,131.8814,2.1397
KIC 9353742,Kepler-1523 b,0.938750221,131.68256,1.3568
KIC 9364290,Kepler-382 b,5.26211833,136.37566,3.244
KIC 9364290,Kepler-382 c,12.1628195,137.52402,2.3161
KIC 9364609,Kepler-1114 b,14.97436238,141.50057,2.4461
KIC 9388479,Kepler-732 b,9.467821474,178.415842,2.4327
KIC 9388479,Kepler-732 c,0.893040969,134.540342,1.0981
KIC 9390653,Kepler-504 b,9.549277089,175.757183,1.5832
KIC 9391208,Kepler-837 b,16.56062577,133.49703,2.611
KIC 9391506,Kepler-838 b,15.74958583,150.24579,4.6672
KIC 9395024,Kepler-1216 b,4.37033233,131.92696,2.845
KIC 9395719,Kepler-1250 b,2.607545159,131.83453,1.3916
KIC 9410930,Kepler-41 b,1.855557556,137.181028,2.35672
KIC 9411166,Kepler-1016 b,1.954525966,132.29679,2.0944
KIC 9411412,Kepler-1096 b,2.892216772,132.87726,1.3596
KIC 9412623,Kepler-1618 b,6.1082945,131.8756,3.493
KIC 9412760,Kepler-345 b,7.41556471,137.81512,1.973
KIC 9412760,Kepler-345 c,9.38740646,137.38383,1.6165
KIC 9415108,Kepler-1108 b,4.51005082,134.56954,2.1533
KIC 9415172,Kepler-255 b,5.71462396,132.63866,2.336
KIC 9415172,Kepler-255 c,9.94602357,171.70192,3.3862
KIC 9415172,Kepler-255 d,1.04562195,133.91912,1.8955
KIC 9450647,Kepler-465 b,9.940666412,135.21559,3.9092
KIC 9451706,Kepler-127 b,14.4359459,141.51253,3.414
KIC 9455325,Kepler-958 b,9.76785911,139.43968,2.1649
KIC 9455556,Kepler-294 b,3.70122061,180.27172,2.523
KIC 9455556,Kepler-294 c,6.62643441,183.98789,3.1752
KIC 9458343,Kepler-1156 b,11.89520436,132.8908,3.433
KIC 9458613,Kepler-33 b,5.66815821,131.88743,4.9064
KIC 9458613,Kepler-33 c,13.17555999,143.6789,6.6677
KIC 9466668,Kepler-256 b,1.620467654,132.06388,2.1888
KIC 9466668,Kepler-256 c,3.388012244,170.5336,2.6849
KIC 9466668,Kepler-256 d,5.83909761,132.09261,3.1915
KIC 9466668,Kepler-256 e,10.6816951,131.55082,3.605
KIC 9467404,Kepler-1323 b,0.929906166,132.25126,1.743
KIC 9468551,Kepler-1399 b,1.638652525,132.29025,1.952
KIC 9471268,Kepler-326 b,2.248288213,133.425805,2.0361
KIC 9471268,Kepler-326 c,4.580346161,134.0754,2.097
KIC 9471268,Kepler-326 d,6.76690759,136.61633,1.7062
KIC 9473078,Kepler-1087 b,0.693842661,132.18157,1.6197
KIC 9475552,Kepler-1315 b,0.843379985,131.966174,1.4474
KIC 9479273,Kepler-734 b,6.104849417,169.573477,4.6912
KIC 9480189,Kepler-257 b,2.382652873,170.66626,1.8888
KIC 9480189,Kepler-257 c,6.581477136,174.787814,3.0896
KIC 9489524,Kepler-352 b,10.05550267,173.2234,2.951
KIC 9489524,Kepler-352 c,16.33269981,136.90909,2.174
KIC 9512687,Kepler-735 b,11.51517167,174.85855,2.006
KIC 9513865,Kepler-736 b,3.601465336,171.99184,2.2753
KIC 9518318,Kepler-346 b,6.51112385,131.70646,1.6919
KIC 9527334,Kepler-461 b,8.31377304,175.99137,2.964
KIC 9527915,Kepler-478 b,13.22175358,139.570627,2.7884
KIC 9529744,Kepler-320 b,8.37159554,137.68075,5.252
KIC 9529744,Kepler-320 c,17.9346606,138.21679,6.25
KIC 9530945,Kepler-216 b,7.69363627,176.5035,5.0324
KIC 9530945,Kepler-216 c,17.40665216,171.00688,6.864
KIC 9532052,Kepler-67 b,15.72585941,133.98774,3.8284
KIC 9549648,Kepler-999 b,5.99185827,136.88244,1.7215
KIC 9570741,Kepler-613 b,15.77980122,175.96934,4.0369
KIC 9573539,Kepler-484 b,10.04556377,129.09371,3.2027
KIC 9573685,Kepler-1074 b,5.94565516,133.99359,2.1604
KIC 9579641,Kepler-105 b,5.412203927,133.143089,2.9472
KIC 9579641,Kepler-105 c,7.12594387,139.00492,3.0014
KIC 9583881,Kepler-562 b,18.00932214,182.441015,4.9611
KIC 9589323,Kepler-861 b,3.949627144,134.61096,1.5485
KIC 9590976,Kepler-217 b,5.37493289,170.93379,3.9567
KIC 9590976,Kepler-217 c,8.58600968,137.95984,3.3443
KIC 9590976,Kepler-217 d,3.88688862,132.4955,3.683
KIC 9595827,Kepler-71 b,3.905081685,133.4150433,2.8213
KIC 9597058,Kepler-962 b,12.05705659,135.41595,2.3462
KIC 9597345,Kepler-218 b,3.619309734,135.44164,3.0504
KIC 9597806,Kepler-860 b,5.101375725,357.48217,2.595
KIC 9607164,Kepler-614 b,14.03490255,171.60491,3.638
KIC 9631762,Kepler-615 b,10.35586478,175.68106,2.8431
KIC 9631995,Kepler-422 b,7.891448838,177.2499624,4.2854
KIC 9636135,Kepler-864 b,5.83376197,138.74892,3.9988
KIC 9642292,Kepler-1392 b,15.1408916,143.74584,4.359
KIC 9643874,Kepler-856 b,8.027681123,360.171355,3.0942
KIC 9649706,Kepler-1072 b,1.569066598,133.04032,2.7803
KIC 9651668,Kepler-423 b,2.684328541,133.3548095,2.69382
KIC 9656252,Kepler-1068 b,16.92342126,145.81407,4.1864
KIC 9664142,Kepler-1305 b,13.5631157,140.65364,5.438
KIC 9693006,Kepler-1385 b,2.88878583,132.33651,2.977
KIC 9696358,Kepler-1274 b,6.98141327,132.7883,6.527
KIC 9702072,Kepler-652 b,4.182001885,172.789576,2.2209
KIC 9704384,Kepler-1012 b,5.50860699,132.2983,3.0788
KIC 9716391,Kepler-1413 b,13.1829329,141.82648,3.594
KIC 9717943,Kepler-1169 b,6.11010439,136.91214,2.314
KIC 9718066,Kepler-378 b,16.09227518,142.51659,2.1072
KIC 9726659,Kepler-862 b,3.148661555,356.93612,2.1978
KIC 9729691,Kepler-949 b,8.689301216,133.661284,2.563
KIC 9730163,Kepler-445 b,2.984157711,133.11908,1.2637
KIC 9730163,Kepler-445 c,4.871223664,133.64255,1.5916
KIC 9730163,Kepler-445 d,8.15275885,134.19046,1.746
KIC 9735426,Kepler-979 b,8.08801663,138.73516,1.8334
KIC 9753154,Kepler-1244 b,3.70429015,132.21478,3.37
KIC 9757613,Kepler-26 b,12.282998287,170.39809,2.7096
KIC 9757613,Kepler-26 c,17.25121397,149.886479,2.0371
KIC 9757613,Kepler-26 d,3.543919702,136.26075,1.8717
KIC 9761615,Kepler-1528 b,1.79110997,131.95636,2.0917
KIC 9763348,Kepler-982 b,15.77382794,137.53051,4.957
KIC 9763612,Kepler-1507 b,16.0505464,141.73408,3.171
KIC 9765975,Kepler-877 b,18.45848388,138.1635,3.3703
KIC 9766437,Kepler-739 b,12.53248222,170.76535,4.0168
KIC 9775938,Kepler-258 b,13.19720694,171.545479,3.4872
KIC 9782691,Kepler-193 b,11.38840217,174.55377,3.6949
KIC 9787239,Kepler-32 b,5.90127815,171.40674,2.1979
KIC 9787239,Kepler-32 c,8.75209691,170.63671,2.3742
KIC 9787239,Kepler-32 e,2.896005211,133.61228,1.6776
KIC 9787239,Kepler-32 f,0.742957911,133.27936,0.6688
KIC 9790806,Kepler-1066 b,1.93155546,131.76708,1.614
KIC 9813499,Kepler-868 b,5.03257009,137.32638,4.213
KIC 9818381,Kepler-43 b,3.024092505,132.4168573,2.8021
KIC 9820483,Kepler-740 b,3.584101048,170.427829,2.7316
KIC 9821454,Kepler-59 b,11.8693144,137.721,4.653
KIC 9821454,Kepler-59 c,17.9776037,147.7515,4.605
KIC 9823457,Kepler-259 b,8.11528727,174.52257,3.211
KIC 9823519,Kepler-1350 b,4.49686066,134.20642,1.7306
KIC 9823519,Kepler-1350 c,1.766789509,133.08336,1.3345
KIC 9824805,Kepler-881 b,4.4444826,133.46308,3.686
KIC 9825174,Kepler-1377 b,0.740926358,131.91163,1.0163
KIC 9825625,Kepler-741 b,7.03902016,175.73059,3.8633
KIC 9827149,Kepler-1282 b,2.131945045,133.65547,1.8061
KIC 9828127,Kepler-1564 b,18.0541469,147.7943,4.587
KIC 9834040,Kepler-1044 b,6.77408984,135.95524,2.6215
KIC 9836149,Kepler-66 b,17.8159689,134.4832,3.6765
KIC 9837661,Kepler-1321 b,11.12827427,139.54417,2.6118
KIC 9837661,Kepler-1321 c,2.226496196,133.37195,1.7073
KIC 9837685,Kepler-1247 b,13.71218522,135.51875,2.437
KIC 9838949,Kepler-935 b,4.88084456,136.19585,2.5574
KIC 9844088,Kepler-564 b,3.750832927,171.151696,1.9457
KIC 9851662,Kepler-1252 b,15.0539886,135.53329,4.422
KIC 9872283,Kepler-960 b,3.126861192,133.724959,1.1926
KIC 9872831,Kepler-1572 b,5.49548533,133.63966,2.461
KIC 9873254,Kepler-653 b,14.70749512,175.79267,3.1506
KIC 9873254,Kepler-653 c,0.900375925,133.11787,1.257
KIC 9875711,Kepler-742 b,8.360870704,175.64459,2.7144
KIC 9880190,Kepler-1263 b,4.5513988,133.05954,2.457
KIC 9881662,Kepler-140 b,3.254277742,172.66256,2.9903
KIC 9883606,Kepler-1598 b,4.34195312,134.18767,2.598
KIC 9884104,Kepler-219 b,4.585466941,169.86095,3.4437
KIC 9885417,Kepler-1446 b,0.689967868,131.63498,1.1688
KIC 9886361,Kepler-403 b,7.03146295,134.4525,5.922
KIC 9886361,Kepler-403 d,13.61165024,144.16808,7.617
KIC 9886661,Kepler-905 b,5.082748362,133.21176,1.7732
KIC 9892816,Kepler-342 b,15.17026921,132.6655,4.3311
KIC 9892816,Kepler-342 e,1.644221032,131.75241,2.9122
KIC 9893318,Kepler-1307 b,18.0161227,145.24169,4.016
KIC 9895006,Kepler-936 b,10.56137217,133.76396,3.2645
KIC 9904006,Kepler-361 b,8.48651582,138.01698,5.267
KIC 9907129,Kepler-1436 b,9.705693,140.3709,7.702
KIC 9909735,Kepler-318 b,4.66271902,134.08296,2.757
KIC 9909735,Kepler-318 c,11.8150174,133.08929,2.834
KIC 9941066,Kepler-898 b,5.87063416,137.24813,2.5736
KIC 9941662,Kepler-13 b,1.763587535,120.5659254,3.16877
KIC 9941859,Kepler-178 b,9.57665962,176.683759,3.3603
KIC 9946525,Kepler-148 b,1.729367077,133.81929,1.7442
KIC 9946525,Kepler-148 c,4.180048081,173.719249,2.4479
KIC 9950612,Kepler-220 b,4.159816554,133.78616,1.6261
KIC 9950612,Kepler-220 c,9.034190783,171.015329,1.5501
KIC 9956082,Kepler-1557 b,3.74031708,134.70305,2.394
KIC 9958962,Kepler-616 b,9.99760285,171.78828,3.4423
KIC 9962455,Kepler-1336 c,5.77721259,137.16696,2.462
KIC 9963524,Kepler-221 b,2.79590004,132.72971,2.056
KIC 9963524,Kepler-221 c,5.69059163,174.04885,2.557
KIC 9963524,Kepler-221 d,10.04157214,137.08442,2.6577
KIC 9963524,Kepler-221 e,18.36974658,131.86573,2.939
KIC 9964801,Kepler-654 b,13.72462702,180.64807,6.9758
KIC 9965957,Kepler-1011 b,5.75321539,136.75617,1.7948
KIC 9967771,Kepler-990 b,9.91724268,135.1389,3.2241
KIC 9967771,Kepler-990 c,0.53835407,131.64999,1.5045
KIC 9995402,Kepler-1361 b,3.57551429,132.86125,2.364
KIC 10000941,Kepler-1558 b,3.50472344,133.72225,1.9464
KIC 10001368,Kepler-1344 b,4.76831033,134.86116,3.2363
KIC 10002866,Kepler-222 b,3.936993144,169.650592,1.887
KIC 10002866,Kepler-222 c,10.08881066,173.083353,1.7726
KIC 10004519,Kepler-894 b,9.80321143,363.98686,4.4617
KIC 10004738,Kepler-310 b,13.93068791,134.42851,2.312
KIC 10005788,Kepler-1022 b,10.99470891,137.35769,1.5929
KIC 10018233,Kepler-1306 b,16.2959916,133.90784,2.116
KIC 10019643,Kepler-163 b,7.81100952,132.30566,3.231
KIC 10019708,Kepler-490 b,3.268695042,137.4817205,3.45188
KIC 10022908,Kepler-900 b,6.99130452,135.46291,2.1568
KIC 10024051,Kepler-1228 b,0.577369336,132.425795,1.0852
KIC 10024701,Kepler-1046 b,14.37504582,139.05924,3.208
KIC 10027323,Kepler-309 b,5.92365747,134.68361,2.6302
KIC 10028535,Kepler-1259 b,0.663085361,131.97961,1.1522
KIC 10055126,Kepler-311 b,9.17617167,138.71393,4.2642
KIC 10057494,Kepler-1443 b,2.41810158,132.38894,2.144
KIC 10059645,Kepler-1265 b,6.49441464,132.25189,2.344
KIC 10063208,Kepler-1583 b,9.3281912,132.85459,3.991
KIC 10068659,Kepler-1287 b,11.47685263,139.63194,2.756
KIC 10070468,Kepler-1297 b,1.68189051,133.07951,2.992
KIC 10080248,Kepler-939 b,14.8783945,142.96841,7.491
KIC 10089911,Kepler-1543 b,6.96704926,138.24776,3.73
KIC 10122538,Kepler-1388 b,12.2854718,131.90073,2.996
KIC 10122538,Kepler-1388 c,5.53609368,131.88286,2.2942
KIC 10123064,Kepler-565 b,4.243748097,173.563074,3.3603
KIC 10130039,Kepler-334 b,5.47033376,131.49548,3.1441
KIC 10130039,Kepler-334 c,12.75800092,133.95888,4.1828
KIC 10132832,Kepler-1186 b,16.07673148,143.39091,2.205
KIC 10136549,Kepler-337 b,3.29276797,133.00741,4.8069
KIC 10136549,Kepler-337 c,9.69315023,132.81362,5.6725
KIC 10141900,Kepler-763 b,1.196548464,132.53363,1.2592
KIC 10153855,Kepler-1037 b,1.06378861,131.52465,1.072
KIC 10154388,Kepler-744 b,12.06222962,138.22229,2.0584
KIC 10157458,Kepler-764 b,7.33685101,138.5829,3.548
KIC 10166274,Kepler-267 b,3.353732008,134.869597,1.4598
KIC 10166274,Kepler-267 c,6.877446033,132.08426,1.3692
KIC 10187017,Kepler-102 b,5.28691996,135.85427,2.579
KIC 10187017,Kepler-102 c,7.07136119,139.98763,2.757
KIC 10187017,Kepler-102 d,10.31174786,134.07991,3.1818
KIC 10187017,Kepler-102 e,16.145671932,134.754877,3.7236
KIC 10187159,Kepler-989 b,7.96431492,136.81646,1.5342
KIC 10190777,Kepler-1019 b,1.411230023,132.641925,1.4325
KIC 10203349,Kepler-1144 b,17.14648756,140.66122,4.2354
KIC 10212441,Kepler-1199 b,15.0447098,133.20895,5.823
KIC 10214162,Kepler-941 b,17.42393582,148.82614,4.929
KIC 10227020,Kepler-223 b,7.38443269,137.47412,5.7351
KIC 10227020,Kepler-223 c,9.84824649,138.38845,5.7471
KIC 10227020,Kepler-223 d,14.78767172,176.79399,6.1191
KIC 10264660,Kepler-14 b,6.790120801,138.088199,6.0437
KIC 10265898,Kepler-656 b,1.260258822,170.408984,1.8594
KIC 10266615,Kepler-587 b,10.94026745,170.30551,2.3494
KIC 10271806,Kepler-224 b,3.13295351,135.67494,2.2207
KIC 10271806,Kepler-224 c,5.924993927,169.71629,2.8874
KIC 10271806,Kepler-224 d,11.34934848,134.31805,3.1101
KIC 10271806,Kepler-224 e,18.64349986,141.62687,1.8491
KIC 10272640,Kepler-762 b,3.770551475,357.11836,3.8077
KIC 10285631,Kepler-525 b,18.68405716,170.83245,6.9329
KIC 10289119,Kepler-1219 b,16.10474503,135.01186,5.712
KIC 10290666,Kepler-526 b,5.45849914,172.08857,4.0448
KIC 10318874,Kepler-94 b,2.508057497,135.000657,1.1134
KIC 10328393,Kepler-332 b,7.62635494,136.01585,2.4168
KIC 10328393,Kepler-332 c,15.99560373,144.2399,3.471
KIC 10328458,Kepler-1146 b,2.352273912,131.80267,1.7389
KIC 10329835,Kepler-1075 b,1.52373073,131.61813,1.4796
KIC 10330115,Kepler-781 b,13.21409607,140.58492,3.5641
KIC 10332883,Kepler-994 b,1.151166776,133.231766,1.0907
KIC 10337258,Kepler-527 b,13.28536452,169.86052,6.283
KIC 10337517,Kepler-783 b,4.29263699,134.80018,2.7
KIC 10340423,Kepler-225 b,6.73893544,135.28218,2.813
KIC 10340423,Kepler-225 c,18.79418506,177.79426,3.2906
KIC 10353968,Kepler-623 b,9.07098164,178.3435,2.6903
KIC 10358759,Kepler-29 b,10.3392408,170.38549,3.075
KIC 10358759,Kepler-29 c,13.28689997,172.11932,3.2825
KIC 10386984,Kepler-658 b,1.287076693,169.815491,1.4942
KIC 10388286,Kepler-617 b,1.682695938,170.453117,1.3867
KIC 10395381,Kepler-659 b,17.6717714,186.3704,3.4202
KIC 10397751,Kepler-1371 b,3.4462125,132.22894,2.101
KIC 10397751,Kepler-1371 c,2.005414293,133.24526,1.934
KIC 10404582,Kepler-362 b,10.32736351,139.37228,1.889
KIC 10407482,Kepler-1577 b,6.30558387,131.53058,2.619
KIC 10418224,Kepler-40 b,6.8731664,172.518826,6.8569
KIC 10426656,Kepler-272 b,2.97136658,134.38662,2.716
KIC 10426656,Kepler-272 c,6.05729966,135.92756,3.7419
KIC 10426656,Kepler-272 d,10.93725572,136.98549,3.0822
KIC 10454313,Kepler-588 b,4.221626193,173.699895,3.0619
KIC 10460984,Kepler-164 b,5.03505665,132.65597,1.804
KIC 10460984,Kepler-164 c,10.94577783,176.71834,3.0937
KIC 10464050,Kepler-981 b,4.469754641,131.84402,1.813
KIC 10468885,Kepler-1284 b,0.664074145,133.40285,1.0925
KIC 10468940,Kepler-273 b,2.936527336,135.71829,1.771
KIC 10468940,Kepler-273 c,8.01500821,134.8277,3.0137
KIC 10471515,Kepler-1395 b,3.7847507,133.50785,2.924
KIC 10489206,Kepler-125 b,4.164384505,171.087935,1.8464
KIC 10489206,Kepler-125 c,5.77440326,132.96695,1.768
KIC 10489345,Kepler-1167 b,1.003931703,132.09988,1.4361
KIC 10513530,Kepler-589 b,16.54967098,171.69398,4.3808
KIC 10525027,Kepler-1049 b,3.27344784,134.45023,1.7292
KIC 10526549,Kepler-660 b,9.27358173,173.258155,3.2875
KIC 10526887,Kepler-1578 b,1.450889836,132.2306,1.753
KIC 10531955,Kepler-1141 b,2.344512589,132.87316,1.4116
KIC 10538176,Kepler-284 b,12.69905011,184.9868,2.9899
KIC 10549023,Kepler-1112 b,14.36270451,141.435,4.564
KIC 10552611,Kepler-141 b,3.10762684,132.63359,2.361
KIC 10552611,Kepler-141 c,7.0106324,174.57542,3.0688
KIC 10554999,Kepler-179 b,2.735900074,171.0964,1.9359
KIC 10554999,Kepler-179 c,6.400157105,174.02214,2.0004
KIC 10577994,Kepler-165 b,8.1808949,176.69885,2.7546
KIC 10577994,Kepler-165 c,15.31296388,171.79412,3.0935
KIC 10583066,Kepler-661 b,6.02930329,171.602959,1.5821
KIC 10583761,Kepler-1179 b,2.685054445,132.60443,1.0473
KIC 10585738,Kepler-1415 b,0.636424848,131.68872,0.947
KIC 10585852,Kepler-815 b,8.57504983,140.14063,8.653
KIC 10586004,Kepler-129 b,15.79196594,176.81888,7.2772
KIC 10587105,Kepler-529 b,1.980356674,170.139601,2.4743
KIC 10587105,Kepler-529 c,12.8344771,138.32626,3.846
KIC 10591855,Kepler-1367 b,1.574090323,131.86116,1.5796
KIC 10599206,Kepler-566 b,18.42794957,178.43963,2.9264
KIC 10600261,Kepler-194 b,2.09227115,133.06258,2.4062
KIC 10600261,Kepler-194 c,17.30795548,176.94326,5.1126
KIC 10601284,Kepler-226 b,3.94105221,136.08662,2.5984
KIC 10601284,Kepler-226 c,5.349553819,171.80694,3.0278
KIC 10601284,Kepler-226 d,8.10904807,132.8031,3.596
KIC 10604335,Kepler-283 b,11.00817635,143.22611,2.013
KIC 10615440,Kepler-1622 b,10.8118317,137.13426,2.627
KIC 10616679,Kepler-550 b,8.600099313,172.529281,4.0077
KIC 10617017,Kepler-1121 b,13.15140223,144.16237,5.439
KIC 10619192,Kepler-17 b,1.485710994,132.7935653,2.2874
KIC 10656823,Kepler-195 b,8.30783912,171.17201,3.1516
KIC 10657406,Kepler-969 c,1.682934607,131.96807,1.8846
KIC 10666592,Kepler-2 b,2.204735417,121.3585417,3.88864
KIC 10669994,Kepler-1594 b,2.71603664,132.35962,1.744
KIC 10670119,Kepler-369 b,2.732767897,354.09581,1.1102
KIC 10670119,Kepler-369 c,14.87149773,137.69573,2.4076
KIC 10676014,Kepler-954 b,16.78175788,139.79356,3.7386
KIC 10682541,Kepler-663 b,4.99677968,171.74208,2.1717
KIC 10684670,Kepler-1189 b,3.78861833,134.61419,2.808
KIC 10686864,Kepler-917 b,2.97041801,133.39136,2.2369
KIC 10714072,Kepler-1541 b,8.40693068,133.42739,1.866
KIC 10717241,Kepler-551 b,12.37646897,179.404945,2.7075
KIC 10718726,Kepler-618 b,3.595769013,170.36915,3.1569
KIC 10722485,Kepler-1588 b,7.84931877,134.8747,3.747
KIC 10723367,Kepler-375 b,12.12580644,142.10763,3.289
KIC 10723750,Kepler-117 b,18.79591276,145.821854,7.5235
KIC 10730034,Kepler-285 b,2.633852528,134.56431,2.0206
KIC 10730034,Kepler-285 c,6.18670882,136.63308,2.909
KIC 10730070,Kepler-1590 b,7.61758198,137.50008,3.545
KIC 10730703,Kepler-1191 b,5.60013327,135.96495,2.6508
KIC 10744335,Kepler-810 b,4.59726613,136.47837,2.909
KIC 10748390,Kepler-3 b,4.887803076,124.8130808,2.36255
KIC 10777591,Kepler-1637 b,6.10968225,133.80253,5.735
KIC 10788461,Kepler-1530 b,2.5903958,132.3011,2.088
KIC 10788461,Kepler-1530 c,5.3235335,133.0952,2.714
KIC 10797460,Kepler-227 b,9.48803557,170.53875,2.9575
KIC 10813132,Kepler-1215 b,4.76702759,132.69368,2.013
KIC 10842192,Kepler-1329 b,9.33648141,140.67893,2.5449
KIC 10843590,Kepler-153 b,18.87022157,178.71167,3.1404
KIC 10854546,Kepler-1099 b,2.168451063,132.14107,1.458
KIC 10854555,Kepler-664 b,2.525591777,171.59555,1.6545
KIC 10854768,Kepler-812 b,10.1171684,137.44489,4.6677
KIC 10857519,Kepler-1084 b,2.053341891,134.51606,2.596
KIC 10858691,Kepler-286 b,1.796320953,133.33662,1.9139
KIC 10858691,Kepler-286 c,3.468073,136.00831,2.361
KIC 10858691,Kepler-286 d,5.9142668,133.49193,2.661
KIC 10858832,Kepler-552 b,5.263415218,174.351207,2.1446
KIC 10863608,Kepler-1210 b,8.07127043,137.76604,2.393
KIC 10872983,Kepler-228 b,2.56658897,179.55437,2.429
KIC 10872983,Kepler-228 c,4.13443512,172.97937,3.1402
KIC 10872983,Kepler-228 d,11.09432054,171.20116,4.5945
KIC 10873260,Kepler-590 b,5.852968845,171.181624,4.5973
KIC 10874614,Kepler-6 b,3.234699282,121.4865708,3.59385
KIC 10875245,Kepler-107 b,3.180027898,133.49863,3.5797
KIC 10875245,Kepler-107 c,4.90144976,138.60548,4.1654
KIC 10875245,Kepler-107 d,7.95825328,137.80219,4.377
KIC 10875245,Kepler-107 e,14.74914825,138.77799,6.0995
KIC 10878263,Kepler-414 b,4.699652821,177.61519,2.553
KIC 10878263,Kepler-414 c,7.170710381,176.666844,2.9225
KIC 10879038,Kepler-918 b,4.8538404,135.09902,3.198
KIC 10880507,Kepler-1390 b,6.4802138,132.8598,3.27
KIC 10904857,Kepler-488 b,3.120828136,139.466594,2.1878
KIC 10905239,Kepler-101 b,3.487688776,170.932217,3.83661
KIC 10905239,Kepler-101 c,6.02977241,132.48162,3.961
KIC 10905746,Kepler-1651 b,9.8786461,138.41159,1.8915
KIC 10905911,Kepler-1339 b,1.34155642,132.73743,1.6462
KIC 10909127,Kepler-1138 b,3.17059731,132.67813,1.6686
KIC 10910878,Kepler-229 b,6.252962249,171.30126,2.5819
KIC 10910878,Kepler-229 c,16.06864674,173.621937,3.5347
KIC 10916600,Kepler-1293 b,5.57654782,136.42668,3.673
KIC 10924562,Kepler-1422 b,18.6052046,149.0376,6.829
KIC 10925104,Kepler-114 b,5.188563677,145.362252,2.3683
KIC 10925104,Kepler-114 c,8.041347775,143.038292,2.6332
KIC 10925104,Kepler-114 d,11.776132317,142.705753,2.8971
KIC 10933561,Kepler-133 b,8.12999858,134.10067,2.1492
KIC 10934674,Kepler-567 b,16.54295261,169.65031,3.8516
KIC 10937029,Kepler-553 b,4.030466786,171.092308,2.7734
KIC 10963065,Kepler-408 b,2.465024332,132.68122,1.262
KIC 10963242,Kepler-814 b,6.1469956,135.07385,3.3153
KIC 10973664,Kepler-619 b,5.40426917,172.18553,2.5315
KIC 10973664,Kepler-619 c,1.208462378,133.67712,1.544
KIC 10975146,Kepler-808 b,0.63133171,133.94488,1.1487
KIC 10978763,Kepler-339 b,4.97760447,134.67304,2.5719
KIC 10978763,Kepler-339 c,6.98800953,132.56964,3.103
KIC 10978763,Kepler-339 d,10.55840479,136.34449,3.366
KIC 10982872,Kepler-142 b,2.024143568,170.496204,2.5273
KIC 10982872,Kepler-142 c,4.761705895,170.335759,3.3061
KIC 10984090,Kepler-466 c,3.709214104,133.98318,2.6302
KIC 10987985,Kepler-665 b,16.01308419,176.3608,3.2554
KIC 10989274,Kepler-1645 b,16.17803,132.326,5.18
KIC 10990886,Kepler-568 b,11.023474798,171.114662,1.4814
KIC 10990917,Kepler-919 b,11.04605365,136.44056,4.799
KIC 11014932,Kepler-299 b,2.92721119,133.82725,2.545
KIC 11014932,Kepler-299 c,6.88595222,138.40761,4.148
KIC 11014932,Kepler-299 d,15.0549356,144.575,4.801
KIC 11017901,Kepler-447 b,7.794302043,137.260385,1.1081
KIC 11019987,Kepler-1421 b,6.9131732,138.4219,4.73
KIC 11032227,Kepler-850 b,7.19304935,136.05065,3.407
KIC 11037335,Kepler-300 b,10.44635944,133.27821,2.749
KIC 11037511,Kepler-1281 b,3.11604194,133.84988,1.7763
KIC 11046458,Kepler-424 b,3.311864148,131.7427761,1.4049
KIC 11069176,Kepler-1050 b,15.3789014,143.40629,4.662
KIC 11073351,Kepler-592 b,2.820190603,170.787705,2.554
KIC 11074178,Kepler-1001 b,14.30517579,135.06301,4.535
KIC 11074835,Kepler-1270 b,6.03355539,137.121,10.049
KIC 11075737,Kepler-97 b,2.586639524,171.842572,2.253
KIC 11080405,Kepler-386 b,12.3101351,141.8765,3.797
KIC 11086270,Kepler-110 b,12.69104387,137.12594,3.7727
KIC 11090556,Kepler-1398 b,2.7881793,131.84558,3.397
KIC 11090556,Kepler-1398 c,4.13827684,133.2285,3.449
KIC 11100383,Kepler-532 b,12.92489803,170.78679,2.6811
KIC 11121752,Kepler-380 b,3.93083997,135.19393,2.932
KIC 11121752,Kepler-380 c,7.63008196,137.07948,2.78
KIC 11125613,Kepler-1254 b,9.99115241,134.39335,2.657
KIC 11125613,Kepler-1254 c,3.60082855,134.037,1.938
KIC 11125613,Kepler-1254 d,5.72716067,133.96409,2.23
KIC 11125797,Kepler-1482 b,12.25384348,143.70549,2.373
KIC 11127479,Kepler-1349 b,2.12821621,132.48055,3.146
KIC 11129738,Kepler-844 b,2.613020421,133.11283,1.9588
KIC 11134879,Kepler-570 b,4.30165843,172.311001,2.1055
KIC 11135308,Kepler-1352 b,1.877878538,132.26131,2.39
KIC 11153121,Kepler-313 b,14.97031664,134.50507,5.884
KIC 11153539,Kepler-666 b,4.49876511,171.34905,3.7362
KIC 11176127,Kepler-298 b,10.47548084,152.64165,2.3024
KIC 11176166,Kepler-1639 b,9.8788502,134.3829,2.951
KIC 11187436,Kepler-957 b,5.90741476,133.93511,1.016
KIC 11192998,Kepler-166 b,7.650243513,171.972352,2.752
KIC 11192998,Kepler-166 d,1.55400389,169.830304,1.7664
KIC 11193263,Kepler-848 b,6.91134223,136.64878,5.6743
KIC 11236244,Kepler-1246 b,11.32269749,136.05511,3.517
KIC 11241912,Kepler-1473 b,14.42735088,138.84024,4.857
KIC 11244137,Kepler-1402 b,2.03387483,131.91927,3.097
KIC 11250587,Kepler-464 b,7.256962446,134.023923,4.9402
KIC 11253711,Kepler-1031 b,1.226223959,132.6827,2.1689
KIC 11254382,Kepler-843 b,2.05388477,133.73432,2.1635
KIC 11283615,Kepler-1355 b,1.289590179,131.89057,1.3541
KIC 11285870,Kepler-1429 b,4.48494315,135.01836,2.752
KIC 11288051,Kepler-124 b,3.41045981,131.58062,2.866
KIC 11288051,Kepler-124 c,13.82142084,131.79237,3.985
KIC 11295426,Kepler-68 b,5.398752862,173.858666,3.4303
KIC 11295426,Kepler-68 c,9.60505976,136.37863,3.0063
KIC 11298298,Kepler-956 b,5.248667607,135.516708,1.917
KIC 11308499,Kepler-366 b,3.28192056,132.42485,2.917
KIC 11308499,Kepler-366 c,12.51610549,135.03333,4.853
KIC 11336883,Kepler-853 b,7.16893064,135.67854,4.6766
KIC 11337372,Kepler-920 b,6.53194024,136.03223,3.3351
KIC 11337566,Kepler-1298 b,7.12815163,136.88006,5.522
KIC 11348997,Kepler-1089 b,5.132486123,132.15985,1.4575
KIC 11356260,Kepler-851 b,8.50698069,134.64421,2.938
KIC 11358389,Kepler-365 b,10.66489514,132.00872,3.159
KIC 11358389,Kepler-365 c,17.7838298,146.91035,3.997
KIC 11359879,Kepler-15 b,4.942783419,136.3294353,3.25346
KIC 11361646,Kepler-524 b,7.97420583,174.52718,5.3503
KIC 11361646,Kepler-524 c,1.88899036,132.09517,3.486
KIC 11389771,Kepler-301 b,2.508553286,135.0112,2.2664
KIC 11389771,Kepler-301 c,5.41908491,131.6422,2.3379
KIC 11389771,Kepler-301 d,13.75129636,144.61389,3.853
KIC 11391957,Kepler-668 b,8.35389523,171.63257,2.2514
KIC 11401182,Kepler-845 b,0.927859786,133.905978,1.4279
KIC 11401755,Kepler-36 b,13.84984567,141.64914,7.2783
KIC 11401755,Kepler-36 c,16.23191704,171.67758,7.461
KIC 11401767,Kepler-372 b,6.84978728,134.66167,4.919
KIC 11402995,Kepler-481 b,10.06083238,138.96723,4.5718
KIC 11403044,Kepler-669 b,4.125543472,169.752585,3.1744
KIC 11403339,Kepler-1117 b,4.79029482,134.95277,2.7219
KIC 11403530,Kepler-1412 b,3.61460332,133.09123,3.227
KIC 11410904,Kepler-1131 b,3.53232429,134.74727,2.765
KIC 11413812,Kepler-998 b,5.65378163,131.71154,1.9483
KIC 11414465,Kepler-1363 b,2.94194296,133.1044,2.056
KIC 11414511,Kepler-670 b,2.816504904,170.9676846,2.50587
KIC 11442793,Kepler-90 b,7.00821787,137.67164,3.812
KIC 11442793,Kepler-90 c,8.71980135,139.52134,3.7454
KIC 11446443,Kepler-1 b,2.470613377,122.763305,1.74319
KIC 11450414,Kepler-347 b,12.7983174,133.64979,6.401
KIC 11453592,Kepler-1319 b,2.8867624,131.66592,0.9879
KIC 11455181,Kepler-1437 b,10.9294815,141.5034,5.893
KIC 11457726,Kepler-1070 b,6.22161107,131.99094,3.4117
KIC 11460018,Kepler-671 b,4.280963604,171.89659,2.875
KIC 11460462,Kepler-1104 b,5.03728033,134.1094,2.0619
KIC 11461433,Kepler-1222 b,1.916940872,132.46734,1.4243
KIC 11461844,Kepler-1207 b,13.6823798,139.18611,4.153
KIC 11493431,Kepler-847 b,2.343230566,133.20732,2.0424
KIC 11495458,Kepler-1190 b,10.45839865,137.65416,3.154
KIC 11497958,Kepler-296 b,10.8644095,131.12833,1.853
KIC 11497958,Kepler-296 c,5.841636615,135.92315,1.8734
KIC 11497977,Kepler-571 b,4.79860021,173.257466,3.0384
KIC 11499192,Kepler-1433 b,4.13592927,133.53763,2.377
KIC 11502867,Kepler-426 b,3.217518511,133.6320632,2.11481
KIC 11508644,Kepler-1426 b,14.2563272,133.40971,4.796
KIC 11509504,Kepler-1573 b,2.61576515,131.97896,2.777
KIC 11512246,Kepler-23 b,7.10695741,138.32271,5.1462
KIC 11512246,Kepler-23 c,10.74241765,133.2867,6.0633
KIC 11512246,Kepler-23 d,15.27443889,147.57983,6.0765
KIC 11517719,Kepler-840 b,2.495780169,135.336948,4.2721
KIC 11521793,Kepler-143 b,16.00747237,142.63787,1.267
KIC 11547505,Kepler-922 b,0.938466959,135.600698,1.3015
KIC 11547513,Kepler-134 b,5.317440164,171.875619,2.9331
KIC 11547513,Kepler-134 c,10.10575764,135.50958,2.0138
KIC 11551692,Kepler-411 b,3.005156911,137.103362,2.0747
KIC 11551692,Kepler-411 c,7.834433676,135.222143,2.89
KIC 11554435,Kepler-63 b,9.43414171,177.84346,2.8112
KIC 11565924,Kepler-1364 b,13.32191461,142.7235,6.213
KIC 11568987,Kepler-534 b,15.95995611,171.52098,4.3149
KIC 11569782,Kepler-1150 b,2.787874175,133.90417,2.0348
KIC 11572193,Kepler-1428 b,10.6761592,140.59136,4.594
KIC 11600889,Kepler-407 b,0.669310092,134.131388,1.6274
KIC 11601584,Kepler-324 b,4.38536428,139.22548,2.5126
KIC 11611275,Kepler-1574 b,6.94245216,135.95819,3.491
KIC 11611600,Kepler-842 b,1.219568047,133.460233,1.5681
KIC 11612280,Kepler-1587 b,9.4061364,137.7073,4.882
KIC 11621223,Kepler-535 b,4.903321801,172.900587,2.8887
KIC 11624249,Kepler-536 b,1.82708193,170.52583,1.96401
KIC 11650401,Kepler-1614 b,3.94660745,132.24892,2.705
KIC 11651712,Kepler-1479 b,14.53260546,140.4685,2.4212
KIC 11656246,Kepler-885 b,18.11473813,147.4904,5.2706
KIC 11656721,Kepler-594 b,13.64617478,180.34991,3.4098
KIC 11657614,Kepler-1481 b,5.94228603,133.804,2.169
KIC 11657891,Kepler-1028 b,2.514628496,132.90904,1.6239
KIC 11666881,Kepler-480 b,4.919584997,134.602396,4.1988
KIC 11669239,Kepler-180 b,13.81733587,135.03413,4.261
KIC 11670125,Kepler-1206 b,1.217000383,132.03128,1.3285
KIC 11671579,Kepler-1611 b,5.17624997,133.7381,5.261
KIC 11673802,Kepler-1004 b,5.28790754,135.36119,8.5274
KIC 11701407,Kepler-1214 b,18.8262877,134.70322,2.344
KIC 11709124,Kepler-154 e,3.93276627,134.64964,2.9403
KIC 11709124,Kepler-154 f,9.91937693,136.87361,4.326
KIC 11709244,Kepler-325 b,4.544436472,134.90159,1.8141
KIC 11709244,Kepler-325 c,12.76220558,143.73026,2.0688
KIC 11714231,Kepler-1431 b,5.8660127,136.35647,3.985
KIC 11752632,Kepler-1258 b,0.984941669,133.31801,1.9724
KIC 11754553,Kepler-52 b,7.8774163,176.3759,2.0805
KIC 11754553,Kepler-52 c,16.38489988,172.72782,3.0249
KIC 11758544,Kepler-997 b,2.7073064,132.43068,3.4378
KIC 11760860,Kepler-1525 b,2.41660149,131.53713,1.9699
KIC 11764462,Kepler-884 b,5.69919592,136.58738,2.3906
KIC 11804465,Kepler-12 b,4.437962934,171.0091259,4.69813
KIC 11807274,Kepler-50 b,7.81285862,172.6138,4.098
KIC 11807274,Kepler-50 c,9.37663713,136.95319,2.1033
KIC 11810124,Kepler-1471 b,3.63898953,131.78562,2.252
KIC 11811193,Kepler-1163 b,6.11784972,133.61873,3.458
KIC 11812062,Kepler-673 b,3.728732147,171.793255,2.683
KIC 11823054,Kepler-181 b,3.137845914,133.55689,1.91
KIC 11823054,Kepler-181 c,4.302139338,173.438922,2.0289
KIC 11824786,Kepler-1212 b,12.94123564,139.89901,4.636
KIC 11853255,Kepler-674 b,2.243380573,170.679233,1.1196
KIC 11853878,Kepler-968 b,3.69298623,132.73624,1.7744
KIC 11853878,Kepler-968 c,5.70940795,137.12208,1.622
KIC 11853905,Kepler-4 b,3.213668926,123.611878,3.98235
KIC 11904151,Kepler-10 b,0.837491225,131.574858,1.796
KIC 11905011,Kepler-514 b,5.65178922,172.27915,3.0933
KIC 11918099,Kepler-675 b,2.337437946,171.761982,1.9982
KIC 11923270,Kepler-676 b,11.59822233,180.395376,2.5237
KIC 11923284,Kepler-1061 b,2.757977384,131.87907,2.1489
KIC 11954842,Kepler-883 b,12.98494603,139.78207,3.4497
KIC 11960862,Kepler-677 b,6.575315881,173.634044,4.3084
KIC 11962284,Kepler-1302 b,8.83929462,135.54125,1.719
KIC 11963206,Kepler-1357 b,3.00912491,131.62696,2.228
KIC 11968463,Kepler-385 b,10.04378351,353.61859,5.548
KIC 11968463,Kepler-385 c,15.1622287,144.474,7.332
KIC 12008872,Kepler-1327 b,14.8877665,141.95432,4.981
KIC 12019440,Kepler-485 b,3.24325988,133.6690203,3.03318
KIC 12020329,Kepler-678 b,7.275040844,169.994217,7.5377
KIC 12021625,Kepler-1404 b,15.9314412,141.81212,2.435
KIC 12024120,Kepler-507 b,3.568099612,169.74278,3.2131
KIC 12055539,Kepler-1448 b,12.27057043,137.57434,3.002
KIC 12056139,Kepler-1449 b,13.2274753,137.71768,6.356
KIC 12058147,Kepler-1082 b,1.54320541,131.5554,2.5779
KIC 12058204,Kepler-373 b,5.53533152,132.76087,2.793
KIC 12058204,Kepler-373 c,16.7261969,143.74673,2.708
KIC 12058931,Kepler-182 b,9.82578495,131.42495,5.2498
KIC 12061222,Kepler-572 b,17.20522898,175.05878,3.6688
KIC 12066335,Kepler-231 b,10.06524317,136.28906,1.369
KIC 12068975,Kepler-197 b,5.59931543,171.47391,3.8944
KIC 12068975,Kepler-197 c,10.34973276,174.06193,4.4859
KIC 12068975,Kepler-197 d,15.67750191,179.47311,5.5082
KIC 12070811,Kepler-679 b,12.3935651,178.74725,3.8896
KIC 12110942,Kepler-680 b,3.689920099,170.36571,2.6557
KIC 12116380,Kepler-1123 b,4.3394569,132.80309,2.3652
KIC 12120307,Kepler-394 b,8.00504749,138.71228,3.32
KIC 12120307,Kepler-394 c,12.13070414,139.89855,3.843
KIC 12120484,Kepler-1226 b,17.2922631,135.75448,7.042
KIC 12154526,Kepler-1047 c,3.18899015,133.52624,2.722
KIC 12159249,Kepler-889 b,3.74443645,133.55997,2.9191
KIC 12164564,Kepler-1343 b,3.35184041,131.64441,1.9855
KIC 12206313,Kepler-401 b,14.3832267,140.57648,8.378
KIC 12252424,Kepler-113 b,4.75400072,128.547155,2.5394
KIC 12252424,Kepler-113 c,8.925079516,139.71389,2.6766
KIC 12254378,Kepler-1217 b,2.032319072,132.32157,1.6762
KIC 12254909,Kepler-1213 b,5.349791,133.8836,4.279
KIC 12301181,Kepler-1076 b,6.14728341,134.87289,2.7645
KIC 12302530,Kepler-155 b,5.931196562,174.796908,2.4999
KIC 12306058,Kepler-391 b,7.41683033,137.96389,7.274
KIC 12314973,Kepler-450 c,15.4130812,136.94324,6.6358
KIC 12314973,Kepler-450 d,7.5143967,136.1851,4.865
KIC 12366084,Kepler-232 b,4.431238488,171.015,3.15
KIC 12366084,Kepler-232 c,11.37936986,133.84992,2.6255
KIC 12401863,Kepler-1193 b,2.832647249,131.82642,2.306
KIC 12404954,Kepler-537 b,3.247548814,171.27807,2.5146
KIC 12405333,Kepler-1409 b,0.764863517,132.13343,1.16
KIC 12416661,Kepler-1434 b,8.05337912,134.9588,5.382
KIC 12453581,Kepler-1234 b,11.94019101,136.55603,2.866
KIC 12454461,Kepler-1248 b,7.46718958,136.39348,3.633
KIC 12456601,Kepler-1334 b,15.64588656,146.04926,3.959
KIC 12459913,Kepler-620 b,12.91385906,177.27535,5.3685
KIC 12470844,Kepler-233 b,8.47237911,174.16212,2.7245
KIC 12470954,Kepler-554 b,1.902208647,170.449657,2.19877
KIC 12505503,Kepler-1563 b,3.4327371,132.92055,4.001
KIC 12506770,Kepler-895 b,2.806243488,133.7314,1.6271
KIC 12557548,Kepler-1520 b,0.65355361,132.058957,1.63
KIC 12602568,Kepler-897 b,8.04727721,137.2073,5.159
KIC 12644822,Kepler-682 b,12.611904345,180.892284,5.1497
KIC 12784167,Kepler-1522 b,1.847892736,132.19915,1.8904
KIC 12834874,Kepler-574 b,7.65880048,173.03964,3.0427
