r0,g0-r0,Class
18.5453356,0.5828804,1.0
18.537335600000002,0.6258804,1.0
18.2113356,0.5888804,1.0
18.406335600000002,0.5088804,1.0
19.1733356,0.6308804,1.0
17.715335600000003,0.46788040000000003,1.0
19.065335600000004,0.6798804,1.0
20.117335600000004,0.9418804000000001,1.0
16.988335600000003,0.4458804,1.0
19.136335600000002,0.7378804,1.0
17.4553356,0.4878804,1.0
19.031335600000002,0.6568804,1.0
19.217335600000002,0.6648804,1.0
16.4193356,0.5558804,2.0
18.988335600000003,0.6878804000000001,1.0
18.979335600000002,0.7128804,1.0
19.317335600000003,0.6878804000000001,1.0
14.8123356,0.6998804,3.0
17.3653356,0.4478804,1.0
18.9613356,0.7138804,1.0
18.334335600000003,0.5518804,1.0
18.541335600000004,0.6018804,1.0
19.245335600000004,0.6508804,1.0
18.400335600000002,0.5388804,1.0
16.7763356,0.5208804,2.0
19.111335600000004,0.6608804,1.0
19.6153356,0.8708804,1.0
19.611335600000004,0.9378804000000001,1.0
18.395335600000003,0.6288804,1.0
17.823335600000004,0.4278804,1.0
14.8783356,0.7328804,3.0
15.5003356,0.6208804,3.0
16.6663356,0.4908804,2.0
16.1793356,0.4998804,2.0
20.136335600000002,0.9218804,1.0
18.9813356,0.6938804000000001,1.0
17.497335600000003,0.4998804,1.0
17.773335600000003,0.4568804,1.0
18.6153356,0.5698804,1.0
17.648335600000003,0.4308804,1.0
18.879335600000005,0.6808804,1.0
19.204335600000004,0.7248804,1.0
14.8803356,0.6688804,3.0
19.058335600000003,0.7108804,1.0
14.0073356,0.016880400000000018,4.0
16.6533356,0.46888040000000003,2.0
19.357335600000003,0.8058804,1.0
18.472335600000005,0.6158804,1.0
18.3883356,0.6138804,1.0
19.151335600000003,0.6928804000000001,1.0
19.5393356,0.7948804,1.0
17.410335600000003,0.40888040000000003,1.0
17.224335600000003,0.4978804,1.0
16.7113356,0.4608804,2.0
18.239335600000004,0.5618804000000001,1.0
18.599335600000003,0.5388804,1.0
18.059335600000004,0.4618804,1.0
19.117335600000004,0.7348804,1.0
16.882335600000005,0.4628804,1.0
18.557335600000002,0.6358804,1.0
16.6223356,0.5098804,2.0
18.652335600000004,0.6398804,1.0
19.213335600000004,0.7438804,1.0
18.443335600000005,0.5798804,1.0
18.4553356,0.6218804,1.0
18.893335600000004,0.6608804,1.0
18.496335600000002,0.5958804,1.0
19.864335600000004,0.9788804,1.0
20.0483356,0.9708804,1.0
18.223335600000002,0.5458804,1.0
19.3013356,0.7288804,1.0
18.691335600000002,0.6408804,1.0
20.058335600000003,1.0668803999999998,1.0
14.9073356,0.6608804,3.0
18.832335600000004,0.6898804000000001,1.0
17.069335600000002,0.4498804,1.0
17.165335600000002,0.5068804,1.0
18.650335600000002,0.5708804,1.0
20.177335600000003,1.1718803999999998,1.0
16.3463356,0.5388804,2.0
19.553335600000004,0.7528804,1.0
17.274335600000004,0.5098804,1.0
19.550335600000004,0.7508804,1.0
19.514335600000003,0.7908804,1.0
17.569335600000002,0.46788040000000003,1.0
19.504335600000005,0.8918804,1.0
18.499335600000002,0.6108804,1.0
17.977335600000004,0.5618804000000001,1.0
19.871335600000002,0.8598804,1.0
18.091335600000004,0.5118804,1.0
16.6363356,0.4498804,2.0
18.671335600000003,0.6308804,1.0
18.686335600000003,0.5958804,1.0
20.233335600000004,1.0588803999999998,1.0
15.3653356,0.6608804,3.0
20.096335600000003,0.9568804,1.0
19.262335600000004,0.7278804,1.0
19.2663356,0.6588804,1.0
18.7953356,0.6508804,1.0
16.5733356,0.4908804,2.0
17.4263356,0.4998804,1.0
18.907335600000003,0.6058804,1.0
19.383335600000002,0.6708804,1.0
19.722335600000005,0.8498804,1.0
18.951335600000004,0.6898804000000001,1.0
19.503335600000003,0.8748804,1.0
19.337335600000003,0.7848804,1.0
18.456335600000003,0.5648804000000001,1.0
18.922335600000004,0.6988804,1.0
20.216335600000004,1.0388804,1.0
17.902335600000004,0.5238804,1.0
16.5613356,0.4888804,2.0
20.076335600000004,0.9738804,1.0
19.819335600000002,0.8308804,1.0
18.532335600000003,0.6018804,1.0
19.864335600000004,0.9628804,1.0
19.593335600000003,0.7578804,1.0
16.4333356,0.5318804,2.0
15.0903356,0.6118804,3.0
17.416335600000004,0.4818804,1.0
18.884335600000004,0.6378804,1.0
18.082335600000004,0.4668804000000001,1.0
18.398335600000003,0.5608804000000001,1.0
19.053335600000004,0.6498804,1.0
19.685335600000002,0.8188804000000001,1.0
18.8563356,0.6938804000000001,1.0
18.651335600000003,0.5948804,1.0
18.257335600000005,0.5258804,1.0
17.224335600000003,0.45888039999999997,1.0
17.509335600000004,0.4608804,1.0
17.128335600000003,0.4798804,1.0
16.6983356,0.47188040000000003,2.0
18.438335600000002,0.5948804,1.0
17.223335600000002,0.5298804,1.0
18.871335600000002,0.6488804,1.0
17.8043356,0.4958804,1.0
18.9523356,0.6758804,1.0
19.491335600000003,0.8608804,1.0
19.532335600000003,0.8028804,1.0
17.568335600000005,0.4828804,1.0
17.559335600000004,0.45188040000000007,1.0
18.6413356,0.6618804,1.0
18.210335600000004,0.4568804,1.0
19.807335600000002,0.8898804,1.0
19.843335600000003,0.9788804,1.0
19.034335600000002,0.7628804,1.0
18.155335600000004,0.5578804,1.0
15.1253356,0.6688804,3.0
18.1153356,0.5278804,1.0
17.725335600000005,0.4998804,1.0
18.116335600000003,0.5218804,1.0
19.492335600000004,0.7358804,1.0
18.7983356,0.5728804,1.0
19.471335600000003,0.8018804,1.0
17.703335600000003,0.4638804,1.0
17.9523356,0.4418804,1.0
19.2693356,0.7788804,1.0
18.031335600000002,0.5818804,1.0
18.777335600000004,0.6238804,1.0
18.476335600000002,0.6378804,1.0
17.130335600000002,0.4598804,1.0
19.244335600000003,0.6878804000000001,1.0
19.656335600000002,0.7628804,1.0
15.0783356,0.6818804,3.0
17.267335600000003,0.5258804,1.0
20.0103356,0.9248804,1.0
17.781335600000002,0.5148804,1.0
18.273335600000003,0.5648804000000001,1.0
18.624335600000002,0.5388804,1.0
19.034335600000002,0.6808804,1.0
19.898335600000003,0.8828804,1.0
18.656335600000002,0.5808804,1.0
17.951335600000004,0.5278804,1.0
16.7613356,0.42188039999999993,2.0
18.384335600000004,0.5398804,1.0
18.598335600000002,0.6008804,1.0
16.7063356,0.47088040000000003,2.0
16.7473356,0.4808804,2.0
19.691335600000002,0.7998804,1.0
19.248335600000004,0.8048804,1.0
18.3533356,0.5028804,1.0
19.1353356,0.7088804,1.0
18.435335600000002,0.6188804,1.0
18.680335600000003,0.6288804,1.0
19.0133356,0.6228804,1.0
19.6993356,0.8058804,1.0
18.587335600000003,0.6448804,1.0
18.8973356,0.7278804,1.0
18.933335600000003,0.6788804,1.0
17.982335600000003,0.5368804,1.0
15.5143356,0.5998804,3.0
18.622335600000003,0.6138804,1.0
15.8023356,0.6278804,3.0
17.123335600000004,0.44388039999999995,1.0
17.783335600000004,0.47188040000000003,1.0
19.515335600000004,0.7798804,1.0
18.683335600000003,0.6258804,1.0
19.430335600000003,0.8008804,1.0
17.340335600000003,0.4538804,1.0
19.366335600000003,0.7898804,1.0
18.9493356,0.5958804,1.0
14.9363356,0.6508804,3.0
17.1733356,0.4548804,1.0
20.092335600000002,1.0668803999999998,1.0
18.408335600000004,0.5028804,1.0
16.901335600000003,0.5028804,1.0
18.432335600000002,0.6238804,1.0
16.5773356,0.4818804,2.0
17.968335600000003,0.5728804,1.0
18.035335600000003,0.5748804,1.0
16.6573356,0.4618804,2.0
17.942335600000003,0.4778804,1.0
18.834335600000003,0.6738804,1.0
19.402335600000004,0.7848804,1.0
19.645335600000003,0.7648804,1.0
19.3533356,0.7518804,1.0
18.945335600000003,0.6598804,1.0
19.579335600000004,0.7668804,1.0
19.079335600000004,0.6048804,1.0
18.504335600000005,0.5768804,1.0
17.858335600000004,0.5398804,1.0
18.591335600000004,0.5598804000000001,1.0
16.878335600000003,0.4408804,1.0
17.831335600000003,0.4838804,1.0
19.520335600000003,0.7818804,1.0
18.6793356,0.6718804,1.0
18.956335600000003,0.7358804,1.0
18.683335600000003,0.6768804,1.0
19.140335600000004,0.7088804,1.0
17.412335600000002,0.46888040000000003,1.0
18.732335600000003,0.6658804,1.0
20.0103356,0.9958804,1.0
16.4883356,0.5108804,2.0
16.1203356,0.6068804,2.0
18.902335600000004,0.6108804,1.0
19.896335600000004,0.8318804,1.0
19.398335600000003,0.7768804,1.0
18.864335600000004,0.7208804,1.0
18.0393356,0.5168804,1.0
18.655335600000004,0.6768804,1.0
17.5543356,0.4888804,1.0
20.081335600000003,0.9208804,1.0
20.125335600000003,1.1908803999999997,1.0
18.431335600000004,0.5368804,1.0
20.0423356,0.9428804000000001,1.0
16.843335600000003,0.4598804,2.0
18.668335600000002,0.6558804,1.0
18.518335600000004,0.6618804,1.0
18.089335600000002,0.5448804,1.0
20.143335600000004,0.9778804,1.0
16.6303356,0.5658804000000001,2.0
19.569335600000002,0.8498804,1.0
19.183335600000003,0.7048804,1.0
18.826335600000004,0.6968804,1.0
18.870335600000004,0.6158804,1.0
18.0223356,0.4568804,1.0
18.816335600000002,0.6888804000000001,1.0
18.050335600000004,0.5098804,1.0
19.344335600000004,0.7768804,1.0
18.448335600000004,0.6178804,1.0
17.717335600000002,0.4948804,1.0
19.443335600000005,0.6938804000000001,1.0
18.210335600000004,0.5468804,1.0
18.312335600000004,0.6148804,1.0
16.942335600000003,0.3768804,1.0
19.091335600000004,0.7298804,1.0
19.416335600000004,0.7368804,1.0
19.0543356,0.7458804,1.0
19.858335600000004,1.0528803999999998,1.0
18.970335600000002,0.7298804,1.0
18.916335600000004,0.7568804,1.0
18.6443356,0.5998804,1.0
17.114335600000004,0.40988040000000003,1.0
19.338335600000004,0.8128804000000001,1.0
17.825335600000003,0.4758804,1.0
18.918335600000002,0.6508804,1.0
18.605335600000004,0.6748804,1.0
18.430335600000003,0.6338804,1.0
19.912335600000002,1.0228804,1.0
17.363335600000003,0.4818804,1.0
19.235335600000003,0.7338804,1.0
18.9143356,0.6268804,1.0
18.655335600000004,0.6208804,1.0
18.268335600000004,0.4818804,1.0
19.847335600000005,0.8718804,1.0
16.1023356,0.5558804,2.0
19.7343356,0.7928804,1.0
19.4463356,0.8558804,1.0
19.588335600000004,0.8358804,1.0
19.797335600000004,0.8588804,1.0
17.595335600000002,0.4608804,1.0
19.251335600000004,0.7348804,1.0
19.800335600000004,0.8268804,1.0
17.876335600000004,0.5148804,1.0
18.8683356,0.6708804,1.0
17.509335600000004,0.4918804,1.0
17.201335600000004,0.4788804,1.0
16.6883356,0.4828804,2.0
18.714335600000002,0.6048804,1.0
19.0223356,0.7398804,1.0
17.2953356,0.5008804,1.0
18.634335600000004,0.6868804000000001,1.0
18.003335600000003,0.5178804,1.0
17.442335600000003,0.4788804,1.0
19.088335600000004,0.6898804000000001,1.0
19.091335600000004,0.6868804000000001,1.0
18.107335600000003,0.5138804,1.0
18.305335600000003,0.5598804000000001,1.0
19.654335600000003,0.8068804,1.0
18.1673356,0.5308804,1.0
17.3043356,0.4538804,1.0
20.078335600000003,1.0058804000000001,1.0
18.4293356,0.5408804,1.0
17.278335600000002,0.4308804,1.0
18.181335600000004,0.5638804000000001,1.0
16.2263356,0.5438804,2.0
16.1303356,0.5708804,2.0
19.227335600000004,0.7138804,1.0
17.5773356,0.47088040000000003,1.0
18.221335600000003,0.5178804,1.0
19.025335600000002,0.6198804,1.0
19.058335600000003,0.7838804,1.0
18.4843356,0.6018804,1.0
19.314335600000003,0.8678804,1.0
14.7563356,-0.10511959999999998,4.0
17.971335600000003,0.5328804,1.0
18.896335600000004,0.6508804,1.0
18.995335600000004,0.6268804,1.0
17.927335600000003,0.5138804,1.0
17.623335600000004,0.5288804,1.0
17.287335600000002,0.4828804,1.0
18.7343356,0.6458804,1.0
17.985335600000003,0.5628804000000001,1.0
19.236335600000004,0.6388804,1.0
18.815335600000004,0.6438804,1.0
17.947335600000002,0.47088040000000003,1.0
15.9053356,0.5278804,2.0
19.874335600000002,0.8108804000000001,1.0
17.065335600000004,0.41588040000000004,1.0
17.569335600000002,0.4208804,1.0
19.369335600000003,0.7168804,1.0
18.709335600000003,0.6468804,1.0
20.1793356,1.1618803999999998,1.0
14.7033356,0.6518804,3.0
18.435335600000002,0.5768804,1.0
19.134335600000004,0.6238804,1.0
18.867335600000004,0.6348804,1.0
18.692335600000003,0.5268804,1.0
17.9843356,0.5528804,1.0
18.0393356,0.5138804,1.0
19.319335600000002,0.7818804,1.0
17.622335600000003,0.5168804,1.0
15.5593356,0.6108804,3.0
19.568335600000005,0.8918804,1.0
18.773335600000003,0.6188804,1.0
19.8593356,1.0758803999999997,1.0
18.723335600000002,0.6428804,1.0
19.662335600000002,0.7748804,1.0
19.6153356,0.8468804,1.0
17.4783356,0.4838804,1.0
18.350335600000005,0.4908804,1.0
19.925335600000004,1.0128804,1.0
20.0453356,1.0308804,1.0
18.473335600000002,0.6388804,1.0
18.4613356,0.5698804,1.0
17.559335600000004,0.4768804,1.0
17.721335600000003,0.4878804,1.0
18.496335600000002,0.6228804,1.0
18.6443356,0.5958804,1.0
15.9323356,0.6698804,2.0
18.300335600000004,0.5508804,1.0
18.371335600000002,0.5258804,1.0
17.999335600000002,0.5358804,1.0
18.053335600000004,0.4388804,1.0
18.9583356,0.6808804,1.0
19.645335600000003,0.9308804,1.0
18.982335600000003,0.6598804,1.0
18.032335600000003,0.4978804,1.0
18.108335600000004,0.5328804,1.0
18.671335600000003,0.6408804,1.0
19.869335600000003,0.8968804,1.0
18.815335600000004,0.6448804,1.0
18.681335600000004,0.5688804000000001,1.0
19.4553356,0.7358804,1.0
18.911335600000005,0.5678804000000001,1.0
17.704335600000004,0.4898804,1.0
19.0133356,0.6798804,1.0
20.1353356,0.9928804,1.0
18.219335600000004,0.5258804,1.0
18.791335600000004,0.5938804,1.0
17.319335600000002,0.4908804,1.0
17.248335600000004,0.5208804,1.0
19.486335600000004,0.7318804,1.0
18.427335600000003,0.5948804,1.0
17.710335600000004,0.4188804,1.0
18.918335600000002,0.6878804000000001,1.0
20.005335600000002,0.9168804,1.0
17.973335600000002,0.5308804,1.0
16.943335600000005,0.43688039999999995,1.0
19.911335600000005,0.8808804,1.0
18.206335600000003,0.5848804,1.0
19.930335600000003,0.9228804,1.0
16.7163356,0.41088040000000003,2.0
18.8303356,0.6778804,1.0
17.335335600000004,0.46788040000000003,1.0
18.485335600000003,0.6348804,1.0
20.191335600000002,1.0068804,1.0
19.382335600000005,0.6588804,1.0
17.681335600000004,0.4958804,1.0
19.724335600000003,0.8208804,1.0
18.964335600000002,0.6268804,1.0
17.966335600000004,0.4998804,1.0
19.682335600000002,0.9278804,1.0
16.3603356,0.5338804,2.0
16.4063356,0.5198804,2.0
18.076335600000004,0.5608804000000001,1.0
19.669335600000004,0.9698804,1.0
18.591335600000004,0.5968804,1.0
18.877335600000002,0.7008804,1.0
20.1063356,0.9238804,1.0
19.524335600000004,0.9088804,1.0
18.959335600000003,0.6068804,1.0
18.467335600000002,0.5358804,1.0
18.874335600000002,0.6938804000000001,1.0
19.465335600000003,0.7018804,1.0
18.668335600000002,0.6188804,1.0
19.8653356,0.8578804,1.0
17.875335600000003,0.4388804,1.0
18.1673356,0.4788804,1.0
17.322335600000002,0.4968804,1.0
18.876335600000004,0.7058804,1.0
18.7633356,0.6848804000000001,1.0
18.8973356,0.6738804,1.0
17.643335600000004,0.5068804,1.0
16.869335600000003,0.45888039999999997,1.0
17.393335600000004,0.5108804,1.0
18.7433356,0.6208804,1.0
19.659335600000002,0.8878804,1.0
18.898335600000003,0.7028804,1.0
19.0453356,0.7258804,1.0
18.287335600000002,0.6088804,1.0
17.954335600000004,0.4668804000000001,1.0
18.621335600000002,0.5618804000000001,1.0
16.6953356,0.4418804,2.0
20.068335600000005,1.0048804,1.0
19.563335600000002,0.9198804,1.0
18.840335600000003,0.6798804,1.0
19.412335600000002,0.7188804,1.0
18.966335600000004,0.7558804,1.0
18.620335600000004,0.5588804,1.0
17.9613356,0.5548804,1.0
19.443335600000005,0.7888804,1.0
16.5443356,0.4918804,2.0
19.588335600000004,0.9198804,1.0
17.379335600000005,0.4758804,1.0
19.607335600000003,0.7048804,1.0
18.842335600000002,0.6498804,1.0
18.986335600000004,0.6928804000000001,1.0
19.364335600000004,0.7588804,1.0
18.974335600000003,0.6488804,1.0
19.532335600000003,0.8248804,1.0
18.693335600000005,0.6498804,1.0
19.305335600000003,0.8338804,1.0
19.950335600000003,1.1318803999999998,1.0
17.437335600000004,0.4608804,1.0
18.906335600000002,0.6348804,1.0
17.5773356,0.46988040000000003,1.0
14.9063356,0.7108804,3.0
18.233335600000004,0.5928804,1.0
20.1733356,1.0188804,1.0
18.810335600000002,0.6508804,1.0
18.150335600000002,0.5368804,1.0
18.511335600000002,0.5908804,1.0
16.5243356,0.5028804,2.0
19.659335600000002,0.8958804,1.0
19.0803356,0.7828804,1.0
15.5063356,0.6308804,3.0
18.377335600000002,0.5248804,1.0
17.193335600000005,0.46988040000000003,1.0
16.3363356,0.4988804,2.0
17.379335600000005,0.4828804,1.0
17.274335600000004,0.40688040000000003,1.0
16.823335600000004,0.4188804,2.0
19.6993356,0.9378804000000001,1.0
18.2053356,0.5848804,1.0
16.5773356,0.4408804,2.0
19.624335600000002,0.9648804,1.0
17.701335600000004,0.4768804,1.0
18.605335600000004,0.5478804,1.0
18.951335600000004,0.6298804,1.0
17.214335600000002,0.4668804000000001,1.0
18.294335600000004,0.5258804,1.0
19.474335600000003,0.7618804,1.0
18.220335600000002,0.5138804,1.0
16.5153356,0.5738804,2.0
17.028335600000002,0.4478804,1.0
18.445335600000003,0.5668804000000001,1.0
16.6723356,0.4648804,2.0
17.950335600000003,0.5608804000000001,1.0
18.146335600000004,0.5308804,1.0
18.463335600000004,0.5778804,1.0
18.1033356,0.5388804,1.0
19.648335600000003,0.8948804,1.0
18.011335600000002,0.5538804,1.0
19.367335600000004,0.7978804,1.0
18.492335600000004,0.5868804,1.0
19.046335600000003,0.5948804,1.0
19.9783356,0.8468804,1.0
17.595335600000002,0.4958804,1.0
18.810335600000002,0.5748804,1.0
17.531335600000002,0.4558804,1.0
18.525335600000002,0.5738804,1.0
19.587335600000003,0.9088804,1.0
19.7433356,0.8088804,1.0
17.959335600000003,0.5368804,1.0
17.136335600000002,0.4628804,1.0
15.6273356,0.5368804,2.0
17.937335600000004,0.4998804,1.0
16.6273356,0.4878804,2.0
19.338335600000004,0.7008804,1.0
19.192335600000003,0.7848804,1.0
19.421335600000003,0.7548804,1.0
17.7083356,0.5268804,1.0
18.979335600000002,0.6648804,1.0
19.764335600000003,0.9108804,1.0
16.9873356,0.4828804,1.0
18.3013356,0.5878804,1.0
17.4813356,0.45888039999999997,1.0
19.837335600000003,0.8148804000000001,1.0
19.6153356,0.7868804,1.0
16.5943356,0.4558804,2.0
19.0483356,0.6878804000000001,1.0
18.404335600000003,0.5318804,1.0
19.432335600000002,0.8418804,1.0
19.421335600000003,0.8308804,1.0
15.1163356,0.7068804,3.0
17.503335600000003,0.4788804,1.0
19.525335600000002,0.8528804,1.0
18.907335600000003,0.7068804,1.0
19.852335600000004,0.8188804000000001,1.0
19.951335600000004,0.9068804,1.0
17.592335600000002,0.5268804,1.0
19.764335600000003,0.9758804,1.0
17.1183356,0.3898804,1.0
19.404335600000003,0.7918804,1.0
18.145335600000003,0.5988804,1.0
18.222335600000005,0.5108804,1.0
19.0193356,0.6788804,1.0
17.101335600000002,0.4538804,1.0
19.569335600000002,0.8758804,1.0
18.466335600000004,0.6108804,1.0
19.489335600000004,0.8548804,1.0
17.096335600000003,0.47188040000000003,1.0
19.531335600000002,0.8428804,1.0
17.1963356,0.4608804,1.0
19.004335600000005,0.6598804,1.0
18.143335600000004,0.5248804,1.0
20.0193356,0.9208804,1.0
19.332335600000004,0.6868804000000001,1.0
20.171335600000003,1.0838803999999997,1.0
17.0833356,0.4568804,1.0
19.372335600000003,0.8318804,1.0
16.983335600000004,0.4798804,1.0
17.8243356,0.5538804,1.0
19.956335600000003,0.9528804,1.0
18.305335600000003,0.6298804,1.0
18.886335600000002,0.6538804,1.0
19.299335600000003,0.7358804,1.0
18.957335600000004,0.7418804,1.0
17.5223356,0.5308804,1.0
19.258335600000002,0.6938804000000001,1.0
16.879335600000005,0.46788040000000003,1.0
19.486335600000004,0.9148804,1.0
18.311335600000003,0.5748804,1.0
18.776335600000003,0.7188804,1.0
19.2053356,0.7758804,1.0
19.901335600000003,1.0958803999999998,1.0
19.096335600000003,0.7048804,1.0
13.8813356,0.6698804,3.0
17.3683356,0.4828804,1.0
16.785335600000003,0.4578804,2.0
19.347335600000005,0.7238804,1.0
17.441335600000002,0.4578804,1.0
19.652335600000004,0.7798804,1.0
17.841335600000004,0.4868804,1.0
16.803335600000004,0.4498804,2.0
18.204335600000004,0.6028804,1.0
19.305335600000003,0.8018804,1.0
19.527335600000004,0.8138804000000001,1.0
18.424335600000003,0.5748804,1.0
19.785335600000003,0.8718804,1.0
19.049335600000003,0.7538804,1.0
18.995335600000004,0.6398804,1.0
19.851335600000002,0.8228804,1.0
19.492335600000004,0.8258804,1.0
18.9203356,0.6578804,1.0
20.175335600000004,1.2128803999999997,1.0
18.622335600000003,0.6118804,1.0
19.8653356,0.8848804,1.0
19.195335600000003,0.7828804,1.0
19.175335600000004,0.6678804,1.0
19.472335600000005,0.7528804,1.0
17.657335600000003,0.4618804,1.0
18.773335600000003,0.5898804,1.0
19.351335600000002,0.7738804,1.0
18.453335600000003,0.5848804,1.0
20.1063356,0.9358804000000001,1.0
17.386335600000002,0.4308804,1.0
18.158335600000004,0.5688804000000001,1.0
19.274335600000004,0.7468804,1.0
17.4173356,0.5348804,1.0
19.3333356,0.6788804,1.0
19.148335600000003,0.7408804,1.0
17.057335600000002,0.41088040000000003,1.0
19.111335600000004,0.6688804,1.0
18.506335600000003,0.5948804,1.0
18.1643356,0.5148804,1.0
19.436335600000003,0.7688804,1.0
19.748335600000004,0.7738804,1.0
18.922335600000004,0.6428804,1.0
19.878335600000003,0.8868804,1.0
16.934335600000004,0.4328804,1.0
16.5913356,0.3798804,2.0
19.7693356,0.8428804,1.0
18.5863356,0.6778804,1.0
17.598335600000002,0.5028804,1.0
17.6793356,0.4618804,1.0
16.7743356,0.5548804,2.0
16.924335600000003,0.4638804,1.0
19.773335600000003,0.9738804,1.0
18.293335600000002,0.5628804000000001,1.0
17.6643356,0.4798804,1.0
19.0193356,0.6178804,1.0
19.463335600000004,0.9198804,1.0
19.127335600000002,0.6828804,1.0
20.102335600000004,0.9928804,1.0
12.9683356,0.8888804,3.0
17.564335600000003,0.4418804,1.0
19.206335600000003,0.6408804,1.0
18.031335600000002,0.5458804,1.0
19.221335600000003,0.6618804,1.0
17.035335600000003,0.4658804,1.0
17.541335600000004,0.5048804,1.0
18.194335600000002,0.5348804,1.0
16.975335600000005,0.4838804,1.0
18.879335600000005,0.6188804,1.0
18.1963356,0.5398804,1.0
17.876335600000004,0.4908804,1.0
18.962335600000003,0.6848804000000001,1.0
18.277335600000004,0.5268804,1.0
19.310335600000002,0.7948804,1.0
20.219335600000004,1.1028803999999999,1.0
18.630335600000002,0.5908804,1.0
18.700335600000003,0.6248804,1.0
19.8563356,0.8858804,1.0
19.257335600000005,0.7308804,1.0
16.2063356,0.6588804,2.0
18.482335600000003,0.6078804,1.0
16.7493356,0.45088039999999996,2.0
18.700335600000003,0.7068804,1.0
18.870335600000004,0.6798804,1.0
18.933335600000003,0.7098804,1.0
18.017335600000003,0.44388039999999995,1.0
19.379335600000005,0.8148804000000001,1.0
18.764335600000003,0.6438804,1.0
18.038335600000003,0.5028804,1.0
17.4523356,0.4988804,1.0
18.633335600000002,0.5838804,1.0
19.912335600000002,0.8708804,1.0
19.587335600000003,0.7888804,1.0
18.813335600000002,0.6868804000000001,1.0
18.328335600000003,0.5658804000000001,1.0
19.242335600000004,0.7888804,1.0
19.520335600000003,0.8408804,1.0
19.381335600000003,0.8278804,1.0
20.124335600000002,1.1848803999999997,1.0
19.682335600000002,0.8118804000000001,1.0
15.7503356,0.6548804,3.0
19.489335600000004,0.7658804,1.0
19.698335600000004,0.9198804,1.0
19.597335600000005,0.7948804,1.0
17.9493356,0.5198804,1.0
13.4203356,0.7368804,3.0
18.069335600000002,0.5488804,1.0
18.187335600000004,0.5528804,1.0
18.270335600000003,0.5228804,1.0
14.9013356,-0.1291196000000001,4.0
17.722335600000005,0.4398804,1.0
18.288335600000003,0.4958804,1.0
18.879335600000005,0.7208804,1.0
17.380335600000002,0.4358804,1.0
17.561335600000003,0.4488804,1.0
18.5193356,0.5778804,1.0
18.998335600000004,0.7128804,1.0
19.0713356,0.7878804,1.0
18.475335600000005,0.5758804,1.0
18.910335600000003,0.6998804,1.0
19.5803356,0.8578804,1.0
17.947335600000002,0.5398804,1.0
18.421335600000003,0.5738804,1.0
16.7273356,0.5338804,2.0
19.528335600000002,0.8918804,1.0
18.802335600000003,0.6278804,1.0
17.851335600000002,0.4898804,1.0
18.692335600000003,0.5748804,1.0
18.120335600000004,0.5138804,1.0
18.931335600000004,0.6858804000000001,1.0
20.161335600000005,1.1108803999999999,1.0
16.0043356,0.6138804,2.0
18.787335600000002,0.6658804,1.0
17.250335600000003,0.4668804000000001,1.0
18.033335600000004,0.5198804,1.0
17.415335600000002,0.47488040000000004,1.0
19.927335600000003,0.8298804,1.0
18.678335600000004,0.6518804,1.0
17.531335600000002,0.4488804,1.0
18.428335600000004,0.5148804,1.0
19.945335600000003,1.0068804,1.0
18.285335600000003,0.5258804,1.0
19.175335600000004,0.6298804,1.0
19.134335600000004,0.6938804000000001,1.0
15.6493356,0.6758804,3.0
18.351335600000002,0.5648804000000001,1.0
20.1123356,0.9278804,1.0
18.332335600000004,0.5628804000000001,1.0
19.9523356,0.8838804,1.0
19.015335600000004,0.7518804,1.0
19.305335600000003,0.7328804,1.0
17.8913356,0.5618804000000001,1.0
18.267335600000003,0.6218804,1.0
20.007335600000005,0.9408804000000001,1.0
18.161335600000005,0.5048804,1.0
18.9933356,0.5988804,1.0
16.806335600000004,0.4878804,2.0
17.678335600000004,0.4628804,1.0
18.808335600000003,0.6098804,1.0
17.8883356,0.4988804,1.0
18.110335600000003,0.5498804,1.0
18.631335600000003,0.6048804,1.0
19.506335600000003,0.7708804,1.0
19.648335600000003,0.7188804,1.0
18.280335600000004,0.5398804,1.0
19.989335600000004,0.9748804,1.0
20.2603356,1.1558803999999998,1.0
19.501335600000004,0.7468804,1.0
18.479335600000002,0.6058804,1.0
18.0133356,0.5548804,1.0
19.085335600000004,0.7148804,1.0
19.997335600000003,0.9478804,1.0
17.001335600000004,0.42988040000000005,1.0
17.126335600000004,0.3958804,1.0
16.4183356,0.5058804,2.0
18.434335600000004,0.5758804,1.0
17.534335600000002,0.4568804,1.0
17.832335600000004,0.4948804,1.0
18.000335600000003,0.5238804,1.0
19.550335600000004,0.8378804,1.0
19.491335600000003,0.8128804000000001,1.0
18.694335600000002,0.5978804,1.0
18.911335600000005,0.6808804,1.0
18.317335600000003,0.5218804,1.0
17.631335600000003,0.4858804,1.0
18.786335600000005,0.5998804,1.0
19.503335600000003,0.7818804,1.0
16.985335600000003,0.5018804,1.0
18.718335600000003,0.6388804,1.0
18.503335600000003,0.6418804,1.0
18.190335600000004,0.5958804,1.0
14.5753356,-0.08811959999999996,4.0
16.5863356,0.5168804,2.0
17.225335600000005,0.5008804,1.0
19.886335600000002,0.8668804,1.0
19.3973356,0.8408804,1.0
19.759335600000004,0.7498804,1.0
18.400335600000002,0.6288804,1.0
19.692335600000003,0.7988804,1.0
16.7513356,0.3638804,2.0
17.257335600000005,0.5268804,1.0
19.441335600000002,0.8018804,1.0
14.6633356,-0.15111960000000002,4.0
18.916335600000004,0.7438804,1.0
18.1383356,0.5268804,1.0
18.157335600000003,0.5328804,1.0
18.017335600000003,0.5048804,1.0
16.788335600000003,0.4898804,2.0
18.070335600000003,0.5018804,1.0
19.963335600000004,0.9458804,1.0
19.906335600000002,0.8978804,1.0
18.681335600000004,0.6698804,1.0
19.035335600000003,0.6468804,1.0
18.915335600000002,0.6818804,1.0
18.950335600000003,0.6878804000000001,1.0
18.150335600000002,0.5968804,1.0
17.402335600000004,0.4938804,1.0
19.187335600000004,0.8148804000000001,1.0
19.900335600000002,1.1008803999999999,1.0
16.972335600000005,0.46988040000000003,1.0
17.069335600000002,0.4428804,1.0
18.0743356,0.5538804,1.0
18.090335600000003,0.5218804,1.0
18.337335600000003,0.5138804,1.0
17.964335600000002,0.5378804,1.0
17.912335600000002,0.5078804,1.0
18.910335600000003,0.6488804,1.0
19.570335600000003,0.7368804,1.0
20.139335600000003,1.1298803999999998,1.0
16.1373356,0.5938804,2.0
19.439335600000003,0.8548804,1.0
18.8043356,0.6468804,1.0
20.072335600000002,0.8838804,1.0
16.7413356,0.4248804,2.0
18.008335600000002,0.5498804,1.0
19.500335600000003,0.7988804,1.0
18.957335600000004,0.6988804,1.0
19.297335600000004,0.7998804,1.0
18.829335600000004,0.7338804,1.0
17.344335600000004,0.5208804,1.0
17.622335600000003,0.4148803999999999,1.0
17.351335600000002,0.4418804,1.0
18.325335600000003,0.5928804,1.0
18.1673356,0.5588804,1.0
19.210335600000004,0.6998804,1.0
18.462335600000003,0.5988804,1.0
18.817335600000003,0.7188804,1.0
18.2923356,0.5558804,1.0
18.919335600000004,0.6168804,1.0
19.858335600000004,0.9798804,1.0
18.5193356,0.5658804000000001,1.0
16.815335600000004,0.4728804,2.0
17.339335600000002,0.4648804,1.0
16.6263356,0.4618804,2.0
18.2953356,0.5438804,1.0
18.1353356,0.4868804,1.0
17.710335600000004,0.5258804,1.0
14.7333356,0.6728804,3.0
18.065335600000004,0.5428804,1.0
17.1123356,0.4278804,1.0
18.810335600000002,0.6608804,1.0
18.650335600000002,0.5908804,1.0
19.2343356,0.6998804,1.0
18.4233356,0.5448804,1.0
19.225335600000005,0.8058804,1.0
20.175335600000004,1.0378804,1.0
18.562335600000004,0.6468804,1.0
18.472335600000005,0.6298804,1.0
17.640335600000004,0.5388804,1.0
17.544335600000004,0.4738804000000001,1.0
19.027335600000004,0.6798804,1.0
16.5093356,0.4968804,2.0
19.084335600000003,0.6078804,1.0
19.0133356,0.6758804,1.0
17.904335600000003,0.5358804,1.0
19.592335600000002,0.9568804,1.0
17.241335600000003,0.5008804,1.0
17.316335600000002,0.4648804,1.0
19.9813356,1.0218804,1.0
18.683335600000003,0.5618804000000001,1.0
18.973335600000002,0.6668804,1.0
17.847335600000005,0.5178804,1.0
18.900335600000002,0.6828804,1.0
18.712335600000003,0.6108804,1.0
19.787335600000002,0.8858804,1.0
19.794335600000004,0.7818804,1.0
19.084335600000003,0.6878804000000001,1.0
19.3303356,0.7228804,1.0
18.631335600000003,0.5608804000000001,1.0
20.014335600000003,0.9078804,1.0
18.1473356,0.4828804,1.0
18.473335600000002,0.5478804,1.0
17.773335600000003,0.4868804,1.0
19.8333356,0.7888804,1.0
16.807335600000002,0.4238804,2.0
20.065335600000004,0.9328804,1.0
20.021335600000004,0.8758804,1.0
17.631335600000003,0.5158804,1.0
18.794335600000004,0.5868804,1.0
19.092335600000002,0.7148804,1.0
19.761335600000002,0.9108804,1.0
16.945335600000003,0.40888040000000003,1.0
18.315335600000004,0.5938804,1.0
18.948335600000004,0.6508804,1.0
18.643335600000004,0.6868804000000001,1.0
19.100335600000005,0.6488804,1.0
20.058335600000003,1.1578803999999998,1.0
16.5093356,0.4458804,2.0
19.0103356,0.6498804,1.0
17.128335600000003,0.4308804,1.0
15.1083356,0.6778804,3.0
18.160335600000003,0.4928804,1.0
17.665335600000002,0.5058804,1.0
18.329335600000004,0.5738804,1.0
19.311335600000003,0.8108804000000001,1.0
16.1943356,0.5988804,2.0
19.6033356,0.8328804,1.0
18.704335600000004,0.5948804,1.0
18.436335600000003,0.5918804,1.0
19.818335600000005,0.9488804,1.0
17.701335600000004,0.5008804,1.0
17.383335600000002,0.5508804,1.0
16.794335600000004,0.5658804000000001,2.0
17.526335600000003,0.4608804,1.0
16.928335600000004,0.4548804,1.0
19.110335600000003,0.7048804,1.0
17.107335600000003,0.4948804,1.0
19.206335600000003,0.7968804,1.0
19.192335600000003,0.7808804,1.0
19.200335600000003,0.6868804000000001,1.0
17.116335600000003,0.42988040000000005,1.0
16.825335600000003,0.5118804,2.0
19.966335600000004,1.0368804,1.0
18.785335600000003,0.5438804,1.0
18.433335600000003,0.6068804,1.0
18.717335600000002,0.6678804,1.0
19.1123356,0.6668804,1.0
18.437335600000004,0.5048804,1.0
18.337335600000003,0.6068804,1.0
19.047335600000004,0.7508804,1.0
19.2023356,0.7208804,1.0
18.671335600000003,0.5968804,1.0
16.915335600000002,0.43688039999999995,1.0
18.096335600000003,0.5018804,1.0
20.038335600000003,0.9918804,1.0
19.431335600000004,0.7688804,1.0
19.107335600000003,0.6978804,1.0
18.5393356,0.5778804,1.0
18.7023356,0.6908804000000001,1.0
19.453335600000003,0.7718804,1.0
19.437335600000004,0.8218804,1.0
18.442335600000003,0.5028804,1.0
18.8213356,0.6498804,1.0
19.093335600000003,0.6958804,1.0
17.907335600000003,0.5288804,1.0
18.930335600000003,0.6418804,1.0
18.912335600000002,0.7558804,1.0
20.172335600000004,1.1528804,1.0
15.4513356,0.6068804,3.0
19.447335600000002,0.6868804000000001,1.0
18.342335600000002,0.5448804,1.0
19.308335600000003,0.7288804,1.0
17.375335600000003,0.46988040000000003,1.0
18.573335600000004,0.5148804,1.0
18.739335600000004,0.6108804,1.0
19.849335600000003,0.7978804,1.0
18.000335600000003,0.5258804,1.0
16.5623356,0.5098804,2.0
18.7433356,0.6638804,1.0
19.105335600000004,0.7128804,1.0
18.677335600000003,0.5728804,1.0
17.088335600000004,0.46888040000000003,1.0
18.782335600000003,0.6128804,1.0
18.0863356,0.5548804,1.0
17.895335600000003,0.5348804,1.0
18.685335600000002,0.6998804,1.0
17.5833356,0.5188804,1.0
18.858335600000004,0.7388804,1.0
18.511335600000002,0.5518804,1.0
19.602335600000004,0.8758804,1.0
18.0423356,0.5038804,1.0
18.4523356,0.5648804000000001,1.0
16.4333356,0.6048804,2.0
18.462335600000003,0.5998804,1.0
19.6063356,0.8248804,1.0
18.221335600000003,0.5478804,1.0
17.847335600000005,0.4768804,1.0
19.7083356,0.7918804,1.0
17.940335600000004,0.5028804,1.0
20.049335600000003,0.9588804,1.0
19.075335600000003,0.7138804,1.0
18.855335600000004,0.5878804,1.0
19.1443356,0.6428804,1.0
17.9263356,0.5078804,1.0
16.7453356,0.46888040000000003,2.0
19.757335600000005,0.8308804,1.0
16.4733356,0.4868804,2.0
18.852335600000004,0.6928804000000001,1.0
18.302335600000003,0.5558804,1.0
19.007335600000005,0.7598804,1.0
17.562335600000004,0.4608804,1.0
17.221335600000003,0.5158804,1.0
18.996335600000002,0.5968804,1.0
18.4903356,0.6048804,1.0
17.816335600000002,0.5168804,1.0
15.9253356,0.5808804,2.0
19.038335600000003,0.6458804,1.0
18.325335600000003,0.5748804,1.0
18.880335600000002,0.6978804,1.0
18.497335600000003,0.5548804,1.0
19.276335600000003,0.7188804,1.0
19.4523356,0.6978804,1.0
19.989335600000004,0.9238804,1.0
18.472335600000005,0.5568804,1.0
19.982335600000003,1.0398804,1.0
18.528335600000002,0.6128804,1.0
17.026335600000003,0.4738804000000001,1.0
18.9233356,0.6828804,1.0
19.068335600000005,0.6738804,1.0
15.7343356,0.6408804,3.0
18.863335600000003,0.6388804,1.0
18.113335600000003,0.5258804,1.0
18.4143356,0.5608804000000001,1.0
19.223335600000002,0.7418804,1.0
19.3973356,0.8078804,1.0
17.573335600000004,0.4628804,1.0
14.3413356,-0.10511959999999998,4.0
17.145335600000003,0.4468804,1.0
18.805335600000003,0.6338804,1.0
17.995335600000004,0.5428804,1.0
19.156335600000002,0.6548804,1.0
16.892335600000003,0.4428804,1.0
19.2693356,0.6478804,1.0
18.948335600000004,0.6388804,1.0
17.7893356,0.5298804,1.0
17.453335600000003,0.45888039999999997,1.0
18.220335600000002,0.4618804,1.0
18.596335600000003,0.5708804,1.0
19.4843356,0.7308804,1.0
19.839335600000002,0.8818804,1.0
18.780335600000004,0.5758804,1.0
18.217335600000002,0.5228804,1.0
19.619335600000003,0.7068804,1.0
18.245335600000004,0.5728804,1.0
18.688335600000002,0.6338804,1.0
18.873335600000004,0.6108804,1.0
18.803335600000004,0.6238804,1.0
15.6373356,0.5798804,3.0
18.7403356,0.5968804,1.0
18.9173356,0.6828804,1.0
18.819335600000002,0.6498804,1.0
19.878335600000003,0.9328804,1.0
17.201335600000004,0.4428804,1.0
18.906335600000002,0.7418804,1.0
16.5753356,0.4868804,2.0
18.6353356,0.5158804,1.0
19.028335600000002,0.6878804000000001,1.0
17.829335600000004,0.5128804,1.0
17.213335600000004,0.4638804,1.0
20.143335600000004,1.1568804,1.0
19.312335600000004,0.6898804000000001,1.0
16.998335600000004,0.4598804,1.0
18.887335600000004,0.7438804,1.0
19.616335600000003,0.8078804,1.0
19.169335600000004,0.6718804,1.0
19.880335600000002,1.0298804,1.0
18.072335600000002,0.5358804,1.0
18.996335600000002,0.6518804,1.0
17.642335600000003,0.5238804,1.0
16.922335600000004,0.4458804,1.0
19.1183356,0.6628804,1.0
19.860335600000003,1.0048804,1.0
19.657335600000003,0.7138804,1.0
19.538335600000003,0.8078804,1.0
19.172335600000004,0.7148804,1.0
17.790335600000002,0.5128804,1.0
19.864335600000004,0.8938804,1.0
16.8303356,0.4378804,2.0
19.502335600000002,0.7408804,1.0
19.253335600000003,0.6468804,1.0
19.823335600000004,0.9238804,1.0
19.908335600000004,0.8438804,1.0
19.627335600000002,0.7328804,1.0
17.716335600000004,0.4358804,1.0
19.0193356,0.7278804,1.0
19.129335600000005,0.6708804,1.0
18.720335600000002,0.5478804,1.0
18.753335600000003,0.5648804000000001,1.0
18.943335600000005,0.6508804,1.0
17.921335600000003,0.5608804000000001,1.0
18.424335600000003,0.4988804,1.0
18.483335600000004,0.6188804,1.0
17.5513356,0.47488040000000004,1.0
18.643335600000004,0.5588804,1.0
17.162335600000002,0.4598804,1.0
17.264335600000003,0.42288040000000005,1.0
17.509335600000004,0.5078804,1.0
19.0773356,0.6468804,1.0
18.371335600000002,0.5748804,1.0
17.683335600000003,0.4768804,1.0
20.0543356,0.9998803999999999,1.0
19.063335600000002,0.7248804,1.0
15.8883356,0.6358804,2.0
19.171335600000003,0.7208804,1.0
19.1093356,0.6418804,1.0
18.998335600000004,0.6798804,1.0
19.143335600000004,0.8168804000000001,1.0
18.564335600000003,0.6678804,1.0
19.0423356,0.6308804,1.0
18.692335600000003,0.6228804,1.0
18.439335600000003,0.5878804,1.0
19.709335600000003,0.8238804,1.0
18.275335600000002,0.5178804,1.0
19.095335600000002,0.6778804,1.0
19.568335600000005,0.8328804,1.0
16.976335600000002,0.4898804,1.0
19.688335600000002,0.8478804,1.0
19.777335600000004,1.0758803999999997,1.0
17.7433356,0.5328804,1.0
17.117335600000004,0.4808804,1.0
19.117335600000004,0.7728804,1.0
18.492335600000004,0.5518804,1.0
19.454335600000004,0.8208804,1.0
19.0833356,0.7268804,1.0
20.166335600000004,1.0558803999999997,1.0
18.020335600000003,0.5748804,1.0
18.297335600000004,0.5268804,1.0
18.011335600000002,0.5438804,1.0
20.093335600000003,1.0798803999999997,1.0
18.2343356,0.5708804,1.0
19.282335600000003,0.7168804,1.0
18.197335600000002,0.5588804,1.0
18.3653356,0.5298804,1.0
17.8853356,0.4988804,1.0
17.3973356,0.5018804,1.0
19.8973356,0.8298804,1.0
18.521335600000004,0.5498804,1.0
19.131335600000003,0.6918804000000001,1.0
19.716335600000004,0.7538804,1.0
20.131335600000003,1.0768803999999998,1.0
18.575335600000003,0.5108804,1.0
17.945335600000003,0.41288040000000004,1.0
18.652335600000004,0.6208804,1.0
17.924335600000003,0.4988804,1.0
19.896335600000004,0.8468804,1.0
18.114335600000004,0.5218804,1.0
19.0543356,0.6618804,1.0
17.6443356,0.4768804,1.0
19.5743356,0.7988804,1.0
16.7763356,0.4668804000000001,2.0
18.7283356,0.6728804,1.0
17.9263356,0.5188804,1.0
17.666335600000004,0.5408804,1.0
18.916335600000004,0.6488804,1.0
20.136335600000002,1.0168804,1.0
17.323335600000004,0.4858804,1.0
19.346335600000003,0.8198804,1.0
18.796335600000003,0.6518804,1.0
18.876335600000004,0.6938804000000001,1.0
16.991335600000003,0.5178804,1.0
18.1183356,0.5288804,1.0
19.104335600000002,0.6828804,1.0
18.906335600000002,0.6208804,1.0
19.506335600000003,0.8058804,1.0
19.066335600000002,0.7418804,1.0
17.089335600000002,0.43688039999999995,1.0
19.224335600000003,0.8218804,1.0
19.162335600000002,0.6698804,1.0
18.930335600000003,0.7108804,1.0
17.842335600000002,0.4998804,1.0
17.037335600000002,0.4278804,1.0
18.506335600000003,0.5338804,1.0
18.459335600000003,0.5368804,1.0
17.251335600000004,0.4378804,1.0
19.8853356,1.0158804,1.0
17.759335600000004,0.4888804,1.0
18.407335600000003,0.5788804,1.0
19.578335600000003,0.9708804,1.0
18.874335600000002,0.6108804,1.0
16.8883356,0.4758804,1.0
20.120335600000004,0.9548804,1.0
18.585335600000004,0.5458804,1.0
17.723335600000002,0.4928804,1.0
18.662335600000002,0.6468804,1.0
19.722335600000005,0.9368804000000001,1.0
20.150335600000002,0.9428804000000001,1.0
19.383335600000002,0.8658804,1.0
17.422335600000004,0.4338804,1.0
17.1153356,0.4578804,1.0
17.533335600000004,0.5298804,1.0
17.497335600000003,0.5488804,1.0
20.024335600000004,0.9208804,1.0
17.831335600000003,0.4918804,1.0
19.282335600000003,0.7038804,1.0
19.7433356,0.8108804000000001,1.0
16.1903356,0.6348804,2.0
19.136335600000002,0.6648804,1.0
16.0683356,0.7048804,2.0
19.398335600000003,0.7818804,1.0
18.290335600000002,0.5018804,1.0
19.507335600000005,0.8448804,1.0
18.2283356,0.5008804,1.0
19.9553356,0.9828804,1.0
18.387335600000004,0.6228804,1.0
19.220335600000002,0.7078804,1.0
16.1813356,0.5578804,2.0
20.153335600000002,0.9638804,1.0
19.251335600000004,0.6828804,1.0
18.060335600000002,0.4908804,1.0
18.7403356,0.6428804,1.0
18.610335600000003,0.5488804,1.0
19.622335600000003,0.7778804,1.0
16.0743356,0.6598804,2.0
19.008335600000002,0.7268804,1.0
18.561335600000003,0.5588804,1.0
18.857335600000003,0.6578804,1.0
17.611335600000004,0.4858804,1.0
18.9903356,0.6558804,1.0
18.783335600000004,0.5798804,1.0
19.007335600000005,0.5798804,1.0
17.999335600000002,0.4728804,1.0
18.746335600000002,0.6958804,1.0
19.0423356,0.6718804,1.0
18.338335600000004,0.4908804,1.0
17.229335600000002,0.4738804000000001,1.0
19.377335600000002,0.7438804,1.0
17.261335600000002,0.5178804,1.0
16.915335600000002,0.4978804,1.0
19.373335600000004,0.7588804,1.0
15.1843356,0.7138804,3.0
18.145335600000003,0.5728804,1.0
18.418335600000002,0.5578804,1.0
17.527335600000004,0.45188040000000007,1.0
18.239335600000004,0.5388804,1.0
17.1993356,0.46788040000000003,1.0
18.320335600000003,0.5238804,1.0
19.707335600000004,0.7438804,1.0
17.438335600000002,0.4868804,1.0
18.878335600000003,0.5808804,1.0
18.950335600000003,0.6838804,1.0
19.180335600000003,0.6328804,1.0
17.678335600000004,0.5018804,1.0
19.4843356,0.7278804,1.0
18.444335600000002,0.5208804,1.0
18.718335600000003,0.5968804,1.0
19.428335600000004,0.8128804000000001,1.0
17.382335600000005,0.4818804,1.0
18.747335600000003,0.6688804,1.0
18.339335600000002,0.5668804000000001,1.0
18.8213356,0.6398804,1.0
18.7723356,0.6378804,1.0
18.432335600000002,0.5538804,1.0
18.839335600000002,0.5898804,1.0
18.790335600000002,0.7038804,1.0
19.036335600000005,0.6598804,1.0
16.7123356,0.5258804,2.0
17.7693356,0.5448804,1.0
19.6673356,0.8568804,1.0
19.535335600000003,0.7148804,1.0
19.706335600000003,0.7638804,1.0
19.506335600000003,0.8028804,1.0
16.3433356,0.6118804,2.0
18.658335600000004,0.6528804,1.0
18.890335600000004,0.6458804,1.0
19.904335600000003,0.9058804,1.0
18.6963356,0.5468804,1.0
16.3833356,0.5248804,2.0
19.5713356,0.7578804,1.0
19.329335600000004,0.6978804,1.0
18.431335600000004,0.6378804,1.0
17.710335600000004,0.45188040000000007,1.0
19.2023356,0.6308804,1.0
20.085335600000004,1.1318803999999998,1.0
18.4233356,0.5038804,1.0
18.402335600000004,0.6088804,1.0
19.5513356,0.9128804,1.0
18.1153356,0.5738804,1.0
17.451335600000004,0.5488804,1.0
19.5803356,0.8148804000000001,1.0
19.046335600000003,0.6638804,1.0
19.713335600000004,0.8408804,1.0
18.932335600000002,0.6548804,1.0
16.930335600000003,0.4668804000000001,1.0
16.932335600000002,0.4658804,1.0
19.9203356,0.8678804,1.0
17.985335600000003,0.5638804000000001,1.0
18.524335600000004,0.5778804,1.0
19.222335600000005,0.8168804000000001,1.0
16.4543356,0.5648804000000001,2.0
19.5423356,0.8148804000000001,1.0
16.8303356,0.5208804,2.0
18.236335600000004,0.4998804,1.0
18.653335600000002,0.5978804,1.0
20.000335600000003,0.8788804,1.0
18.163335600000003,0.5578804,1.0
17.725335600000005,0.4558804,1.0
18.521335600000004,0.6288804,1.0
18.988335600000003,0.7408804,1.0
18.718335600000003,0.6318804,1.0
16.4123356,0.4538804,2.0
17.538335600000003,0.46988040000000003,1.0
19.160335600000003,0.7948804,1.0
18.386335600000002,0.5848804,1.0
18.855335600000004,0.7138804,1.0
17.964335600000002,0.5078804,1.0
18.838335600000004,0.6558804,1.0
17.777335600000004,0.4878804,1.0
19.079335600000004,0.6898804000000001,1.0
19.1353356,0.6268804,1.0
16.799335600000003,0.5438804,2.0
18.8623356,0.5608804000000001,1.0
18.308335600000003,0.5748804,1.0
18.901335600000003,0.5978804,1.0
18.4583356,0.5608804000000001,1.0
17.091335600000004,0.4138804,1.0
17.629335600000005,0.4308804,1.0
17.5833356,0.4988804,1.0
17.134335600000004,0.5018804,1.0
18.8013356,0.6348804,1.0
17.3883356,0.4768804,1.0
19.216335600000004,0.8128804000000001,1.0
19.088335600000004,0.7298804,1.0
16.5433356,0.4918804,2.0
18.924335600000003,0.6728804,1.0
18.2023356,0.5858804,1.0
18.828335600000003,0.6938804000000001,1.0
16.7043356,0.4468804,2.0
18.348335600000002,0.5248804,1.0
17.8333356,0.47088040000000003,1.0
19.556335600000004,0.8058804,1.0
19.716335600000004,0.8848804,1.0
18.5743356,0.5318804,1.0
19.220335600000002,0.7138804,1.0
18.445335600000003,0.5988804,1.0
19.217335600000002,0.7678804,1.0
20.0513356,1.0808803999999999,1.0
17.2893356,0.4548804,1.0
18.178335600000004,0.5898804,1.0
18.0423356,0.44488040000000006,1.0
20.139335600000003,0.9778804,1.0
18.997335600000003,0.6398804,1.0
19.355335600000004,0.7468804,1.0
19.6153356,0.7238804,1.0
18.171335600000003,0.5588804,1.0
17.130335600000002,0.4968804,1.0
19.9933356,1.0738803999999997,1.0
16.5023356,0.5668804000000001,2.0
19.8593356,0.8228804,1.0
18.9933356,0.7358804,1.0
17.036335600000005,0.46788040000000003,1.0
17.874335600000002,0.5258804,1.0
17.887335600000004,0.5168804,1.0
19.459335600000003,0.7428804,1.0
17.220335600000002,0.4628804,1.0
18.538335600000003,0.6188804,1.0
18.669335600000004,0.6828804,1.0
19.142335600000003,0.7758804,1.0
18.092335600000002,0.5358804,1.0
17.282335600000003,0.4478804,1.0
19.282335600000003,0.7758804,1.0
18.1673356,0.5678804000000001,1.0
20.229335600000002,1.1318803999999998,1.0
18.252335600000002,0.5358804,1.0
19.102335600000004,0.7758804,1.0
19.278335600000002,0.7428804,1.0
18.944335600000002,0.7078804,1.0
17.245335600000004,0.4828804,1.0
17.566335600000002,0.5508804,1.0
18.3683356,0.5428804,1.0
18.387335600000004,0.6118804,1.0
20.219335600000004,1.0528803999999998,1.0
17.810335600000002,0.46988040000000003,1.0
18.3363356,0.5758804,1.0
17.053335600000004,0.47488040000000004,1.0
19.4813356,0.7438804,1.0
19.2343356,0.8388804,1.0
17.698335600000004,0.4638804,1.0
17.692335600000003,0.4848804,1.0
18.373335600000004,0.5868804,1.0
19.746335600000002,0.9358804000000001,1.0
17.320335600000003,0.3918804,1.0
19.8973356,1.0098804,1.0
18.225335600000005,0.5328804,1.0
16.800335600000004,0.4258804,2.0
19.326335600000004,0.7028804,1.0
17.457335600000004,0.5058804,1.0
19.538335600000003,0.8518804,1.0
16.6683356,0.4408804,2.0
19.187335600000004,0.7188804,1.0
15.0263356,0.6868804000000001,3.0
19.1643356,0.7568804,1.0
17.3973356,0.4658804,1.0
18.8853356,0.7008804,1.0
18.857335600000003,0.6748804,1.0
17.064335600000003,0.47488040000000004,1.0
19.267335600000003,0.8148804000000001,1.0
18.677335600000003,0.5938804,1.0
18.620335600000004,0.5928804,1.0
18.468335600000003,0.5908804,1.0
19.764335600000003,0.8548804,1.0
17.823335600000004,0.4938804,1.0
17.871335600000002,0.4788804,1.0
20.132335600000005,1.1438803999999998,1.0
18.768335600000004,0.6908804000000001,1.0
19.689335600000003,0.8228804,1.0
18.312335600000004,0.5478804,1.0
17.439335600000003,0.5168804,1.0
18.9203356,0.7208804,1.0
17.614335600000004,0.5148804,1.0
17.2433356,0.5218804,1.0
18.098335600000002,0.5228804,1.0
17.398335600000003,0.40888040000000003,1.0
18.7053356,0.6358804,1.0
19.223335600000002,0.7678804,1.0
18.669335600000004,0.6538804,1.0
17.276335600000003,0.4388804,1.0
17.980335600000004,0.4638804,1.0
18.415335600000002,0.5928804,1.0
18.754335600000005,0.5748804,1.0
18.192335600000003,0.5988804,1.0
18.494335600000003,0.5538804,1.0
18.752335600000002,0.6568804,1.0
18.672335600000004,0.6238804,1.0
16.5953356,0.4378804,2.0
19.591335600000004,0.7578804,1.0
17.973335600000002,0.5468804,1.0
19.378335600000003,0.6968804,1.0
18.079335600000004,0.4758804,1.0
19.448335600000004,0.8118804000000001,1.0
18.6443356,0.5848804,1.0
17.6763356,0.5308804,1.0
17.3243356,0.4498804,1.0
18.646335600000004,0.6768804,1.0
18.913335600000003,0.6748804,1.0
19.100335600000005,0.6478804,1.0
16.831335600000003,0.4498804,2.0
17.1383356,0.4848804,1.0
19.357335600000003,0.8128804000000001,1.0
15.6653356,0.6588804,3.0
18.443335600000005,0.6488804,1.0
19.302335600000003,0.7108804,1.0
19.669335600000004,0.9478804,1.0
19.441335600000002,0.6748804,1.0
19.120335600000004,0.7768804,1.0
16.4113356,0.5208804,2.0
18.023335600000003,0.5218804,1.0
20.1353356,0.9288804,1.0
19.411335600000005,0.7288804,1.0
18.514335600000003,0.6218804,1.0
17.131335600000003,0.4738804000000001,1.0
20.067335600000003,0.9718804,1.0
18.756335600000003,0.5988804,1.0
19.226335600000002,0.7808804,1.0
17.120335600000004,0.3728804,1.0
19.090335600000003,0.7658804,1.0
18.6183356,0.6218804,1.0
19.212335600000003,0.7788804,1.0
15.9023356,0.5608804000000001,2.0
18.9813356,0.6278804,1.0
16.879335600000005,0.5028804,1.0
18.3623356,0.6068804,1.0
18.3303356,0.6238804,1.0
19.175335600000004,0.6318804,1.0
19.975335600000005,1.0438804,1.0
18.518335600000004,0.5898804,1.0
18.963335600000004,0.7528804,1.0
19.347335600000005,0.7488804,1.0
17.744335600000003,0.5018804,1.0
18.122335600000003,0.5778804,1.0
19.220335600000002,0.7078804,1.0
16.7573356,0.5048804,2.0
19.613335600000003,0.9018804,1.0
19.9933356,0.9308804,1.0
18.215335600000003,0.5948804,1.0
17.851335600000002,0.5038804,1.0
19.631335600000003,0.8908804,1.0
18.376335600000004,0.5468804,1.0
17.041335600000004,0.4908804,1.0
18.882335600000005,0.6068804,1.0
18.1993356,0.5428804,1.0
15.3883356,0.6298804,3.0
18.2313356,0.5658804000000001,1.0
18.5103356,0.5698804,1.0
17.300335600000004,0.4778804,1.0
19.168335600000002,0.6548804,1.0
19.280335600000004,0.7868804,1.0
18.973335600000002,0.6248804,1.0
18.6673356,0.6798804,1.0
18.691335600000002,0.5348804,1.0
17.752335600000002,0.4578804,1.0
19.084335600000003,0.6738804,1.0
16.7953356,0.4778804,2.0
18.233335600000004,0.5258804,1.0
20.040335600000002,0.8618804,1.0
18.511335600000002,0.6368804,1.0
19.928335600000004,0.9118804,1.0
19.465335600000003,0.7958804,1.0
18.788335600000003,0.6438804,1.0
18.8213356,0.6778804,1.0
16.7443356,0.4528804,2.0
18.505335600000002,0.5868804,1.0
19.142335600000003,0.7188804,1.0
18.100335600000005,0.5278804,1.0
17.2343356,0.4328804,1.0
20.001335600000004,0.8928804,1.0
17.654335600000003,0.4568804,1.0
17.715335600000003,0.47188040000000003,1.0
17.741335600000003,0.5218804,1.0
18.264335600000003,0.5598804000000001,1.0
19.439335600000003,0.7768804,1.0
19.275335600000002,0.8228804,1.0
17.706335600000003,0.46888040000000003,1.0
18.997335600000003,0.5728804,1.0
16.5873356,0.5278804,2.0
17.0543356,0.4738804000000001,1.0
13.9313356,0.8028804,3.0
19.5513356,0.8368804,1.0
19.9263356,1.0438804,1.0
17.215335600000003,0.4498804,1.0
19.230335600000004,0.7648804,1.0
16.8623356,0.4598804,1.0
19.386335600000002,0.7448804,1.0
19.755335600000002,0.9628804,1.0
18.784335600000002,0.6038804,1.0
16.5953356,0.5198804,2.0
18.002335600000002,0.5338804,1.0
18.831335600000003,0.6138804,1.0
18.283335600000004,0.5808804,1.0
16.2493356,0.46788040000000003,2.0
17.9463356,0.5488804,1.0
19.268335600000004,0.6878804000000001,1.0
19.504335600000005,0.9188804,1.0
19.377335600000002,0.7318804,1.0
18.152335600000004,0.5528804,1.0
18.250335600000003,0.5318804,1.0
18.540335600000002,0.6088804,1.0
16.9233356,0.4918804,1.0
16.861335600000004,0.4418804,2.0
16.5413356,0.4838804,2.0
18.959335600000003,0.6858804000000001,1.0
16.3143356,0.5908804,2.0
17.767335600000003,0.5408804,1.0
17.9613356,0.5728804,1.0
14.9193356,-0.1431196,4.0
19.521335600000004,0.8488804,1.0
18.738335600000003,0.6738804,1.0
19.537335600000002,0.7878804,1.0
19.123335600000004,0.6928804000000001,1.0
19.600335600000005,0.7808804,1.0
18.5223356,0.5848804,1.0
19.2723356,0.7238804,1.0
17.406335600000002,0.5488804,1.0
19.642335600000003,0.9138804,1.0
16.6433356,0.4988804,2.0
17.3913356,0.4838804,1.0
19.067335600000003,0.6278804,1.0
19.767335600000003,0.7618804,1.0
16.807335600000002,0.4538804,2.0
19.634335600000004,0.9298804,1.0
20.2373356,1.0438804,1.0
16.9873356,0.4658804,1.0
18.803335600000004,0.6418804,1.0
18.915335600000002,0.7118804,1.0
17.457335600000004,0.4888804,1.0
18.251335600000004,0.6138804,1.0
17.291335600000004,0.45888039999999997,1.0
18.5133356,0.6238804,1.0
19.338335600000004,0.7858804,1.0
19.8593356,0.9638804,1.0
17.318335600000005,0.4968804,1.0
18.242335600000004,0.5028804,1.0
19.591335600000004,0.8748804,1.0
19.079335600000004,0.6348804,1.0
19.175335600000004,0.7818804,1.0
17.7313356,0.5108804,1.0
19.4933356,0.8528804,1.0
19.166335600000004,0.7588804,1.0
17.444335600000002,0.4618804,1.0
16.5863356,0.4618804,2.0
18.482335600000003,0.4978804,1.0
20.1733356,1.0808803999999999,1.0
19.597335600000005,0.7618804,1.0
20.166335600000004,1.0798803999999997,1.0
19.257335600000005,0.7788804,1.0
18.521335600000004,0.5138804,1.0
15.5943356,0.5798804,3.0
18.809335600000004,0.6618804,1.0
19.698335600000004,0.8278804,1.0
18.860335600000003,0.5708804,1.0
19.634335600000004,0.9148804,1.0
19.2283356,0.7398804,1.0
19.6963356,0.8928804,1.0
18.905335600000004,0.7018804,1.0
19.340335600000003,0.8558804,1.0
19.349335600000003,0.6898804000000001,1.0
19.648335600000003,0.8128804000000001,1.0
20.108335600000004,0.9998803999999999,1.0
18.0393356,0.4868804,1.0
19.201335600000004,0.7738804,1.0
19.5743356,0.7218804,1.0
19.297335600000004,0.7698804,1.0
18.8853356,0.6378804,1.0
17.375335600000003,0.45188040000000007,1.0
20.057335600000002,0.8898804,1.0
16.4183356,0.5808804,2.0
20.008335600000002,1.0118804,1.0
18.230335600000004,0.5648804000000001,1.0
19.636335600000002,0.7448804,1.0
18.153335600000002,0.5078804,1.0
16.1813356,0.6198804,2.0
20.217335600000002,1.0308804,1.0
17.7983356,0.5548804,1.0
18.815335600000004,0.5818804,1.0
19.389335600000003,0.7408804,1.0
18.156335600000002,0.5048804,1.0
16.7323356,0.47088040000000003,2.0
18.325335600000003,0.6168804,1.0
19.374335600000002,0.7478804,1.0
19.512335600000004,0.8448804,1.0
16.5443356,0.4908804,2.0
18.588335600000004,0.5718804,1.0
20.091335600000004,0.9088804,1.0
19.599335600000003,0.8718804,1.0
18.386335600000002,0.5608804000000001,1.0
19.245335600000004,0.7028804,1.0
18.313335600000002,0.6018804,1.0
18.3013356,0.5468804,1.0
17.031335600000002,0.4828804,1.0
19.457335600000004,0.8918804,1.0
19.445335600000003,0.8408804,1.0
18.677335600000003,0.6748804,1.0
16.4513356,0.5778804,2.0
20.098335600000002,1.0638803999999997,1.0
17.9143356,0.4898804,1.0
19.1153356,0.6708804,1.0
19.192335600000003,0.7038804,1.0
17.9493356,0.4898804,1.0
18.101335600000002,0.5318804,1.0
18.989335600000004,0.6578804,1.0
19.582335600000004,0.7688804,1.0
19.089335600000002,0.7108804,1.0
18.8593356,0.6778804,1.0
19.857335600000003,1.0348804,1.0
17.378335600000003,0.4608804,1.0
17.006335600000003,0.47488040000000004,1.0
17.223335600000002,0.5228804,1.0
15.8343356,0.5378804,2.0
19.136335600000002,0.6368804,1.0
18.257335600000005,0.5858804,1.0
18.826335600000004,0.6548804,1.0
18.507335600000005,0.5878804,1.0
20.213335600000004,1.0748803999999998,1.0
18.578335600000003,0.6458804,1.0
19.1153356,0.6968804,1.0
18.761335600000002,0.6988804,1.0
18.326335600000004,0.5898804,1.0
19.514335600000003,0.7948804,1.0
18.8563356,0.6208804,1.0
16.3183356,0.5118804,2.0
18.372335600000003,0.5408804,1.0
15.4753356,0.5578804,2.0
19.845335600000002,0.9618804,1.0
20.026335600000003,0.8848804,1.0
18.588335600000004,0.6778804,1.0
18.995335600000004,0.6668804,1.0
18.927335600000003,0.6758804,1.0
19.142335600000003,0.7378804,1.0
17.742335600000004,0.5238804,1.0
19.6763356,0.8418804,1.0
19.701335600000004,0.7408804,1.0
18.503335600000003,0.6018804,1.0
18.092335600000002,0.45888039999999997,1.0
19.570335600000003,0.9478804,1.0
17.2923356,0.42288040000000005,1.0
18.200335600000003,0.5228804,1.0
18.506335600000003,0.5298804,1.0
18.962335600000003,0.7268804,1.0
20.0103356,0.9358804000000001,1.0
19.089335600000002,0.7608804,1.0
20.132335600000005,0.9458804,1.0
18.217335600000002,0.5578804,1.0
15.0723356,0.7508804,3.0
19.7433356,0.8288804,1.0
17.690335600000004,0.4838804,1.0
18.581335600000003,0.6118804,1.0
18.627335600000002,0.5918804,1.0
18.896335600000004,0.7508804,1.0
17.4873356,0.5138804,1.0
18.182335600000002,0.5808804,1.0
19.064335600000003,0.6928804000000001,1.0
19.953335600000003,1.1148803999999999,1.0
18.935335600000002,0.6168804,1.0
20.273335600000003,1.1238803999999998,1.0
19.878335600000003,0.8618804,1.0
19.492335600000004,0.7978804,1.0
19.378335600000003,0.8358804,1.0
19.495335600000004,0.8168804000000001,1.0
16.912335600000002,0.5128804,1.0
19.151335600000003,0.6378804,1.0
18.724335600000003,0.6208804,1.0
19.507335600000005,0.7168804,1.0
17.698335600000004,0.4988804,1.0
17.997335600000003,0.5288804,1.0
18.9553356,0.6748804,1.0
18.951335600000004,0.6698804,1.0
18.997335600000003,0.6518804,1.0
18.252335600000002,0.5858804,1.0
19.832335600000004,0.8468804,1.0
19.776335600000003,0.8818804,1.0
19.906335600000002,0.8238804,1.0
18.582335600000004,0.6038804,1.0
18.485335600000003,0.6058804,1.0
18.803335600000004,0.6788804,1.0
17.590335600000003,0.4878804,1.0
18.796335600000003,0.6558804,1.0
19.9903356,0.9008804,1.0
18.439335600000003,0.5858804,1.0
17.634335600000004,0.4348804,1.0
17.762335600000004,0.4948804,1.0
19.352335600000004,0.7858804,1.0
16.7253356,0.4338804,2.0
19.194335600000002,0.6618804,1.0
19.878335600000003,0.8638804,1.0
19.2603356,0.7298804,1.0
16.951335600000004,0.4278804,1.0
19.587335600000003,0.8628804,1.0
18.3273356,0.5618804000000001,1.0
18.441335600000002,0.5378804,1.0
19.320335600000003,0.6948804,1.0
17.9903356,0.4538804,1.0
18.451335600000004,0.5908804,1.0
18.807335600000002,0.6708804,1.0
19.4523356,0.8808804,1.0
19.357335600000003,0.6878804000000001,1.0
17.3533356,0.4608804,1.0
19.008335600000002,0.6948804,1.0
19.645335600000003,0.7738804,1.0
17.073335600000004,0.4398804,1.0
18.107335600000003,0.5678804000000001,1.0
18.7433356,0.6518804,1.0
18.502335600000002,0.5838804,1.0
17.593335600000003,0.4378804,1.0
12.1903356,0.8248804,3.0
18.0453356,0.5378804,1.0
16.0943356,0.5628804000000001,2.0
18.460335600000004,0.5378804,1.0
19.454335600000004,0.6768804,1.0
19.496335600000002,0.7848804,1.0
16.794335600000004,0.4598804,2.0
19.464335600000002,0.7308804,1.0
16.5833356,0.5378804,2.0
18.151335600000003,0.4738804000000001,1.0
18.956335600000003,0.6188804,1.0
20.004335600000005,1.0228804,1.0
17.396335600000004,0.4638804,1.0
19.040335600000002,0.6948804,1.0
20.252335600000002,1.1758803999999998,1.0
17.877335600000002,0.4988804,1.0
18.611335600000004,0.6418804,1.0
19.261335600000002,0.8528804,1.0
18.331335600000003,0.5108804,1.0
18.600335600000005,0.6548804,1.0
16.2233356,0.5998804,2.0
17.964335600000002,0.4878804,1.0
17.9553356,0.5338804,1.0
19.794335600000004,0.7928804,1.0
17.5393356,0.5358804,1.0
19.058335600000003,0.7618804,1.0
18.434335600000004,0.5878804,1.0
18.472335600000005,0.5858804,1.0
18.035335600000003,0.5538804,1.0
18.1963356,0.5528804,1.0
15.5493356,0.6388804,3.0
17.326335600000004,0.5078804,1.0
18.352335600000004,0.5558804,1.0
19.436335600000003,0.7508804,1.0
18.947335600000002,0.6538804,1.0
17.310335600000002,0.47488040000000004,1.0
18.745335600000004,0.6348804,1.0
18.716335600000004,0.6288804,1.0
19.447335600000002,0.7248804,1.0
18.5453356,0.6138804,1.0
19.7283356,0.8848804,1.0
19.131335600000003,0.7148804,1.0
20.093335600000003,1.1338803999999998,1.0
17.684335600000004,0.5238804,1.0
17.246335600000002,0.4378804,1.0
13.7583356,0.6748804,3.0
20.056335600000004,1.0058804000000001,1.0
16.4553356,0.5428804,2.0
17.6763356,0.5298804,1.0
19.765335600000004,0.8528804,1.0
17.6063356,0.5418804,1.0
18.5453356,0.5988804,1.0
19.473335600000002,0.8078804,1.0
16.7723356,0.4668804000000001,2.0
18.9843356,0.7368804,1.0
17.277335600000004,0.4888804,1.0
19.230335600000004,0.6668804,1.0
18.475335600000005,0.5938804,1.0
18.730335600000004,0.6188804,1.0
19.357335600000003,0.7318804,1.0
19.222335600000005,0.6528804,1.0
19.873335600000004,0.9578804,1.0
19.4583356,0.8698804,1.0
18.898335600000003,0.7248804,1.0
18.125335600000003,0.5228804,1.0
19.550335600000004,0.7968804,1.0
15.8773356,0.6788804,2.0
17.281335600000002,0.4918804,1.0
18.995335600000004,0.6268804,1.0
19.181335600000004,0.6668804,1.0
18.5163356,0.5428804,1.0
18.184335600000004,0.5368804,1.0
18.134335600000004,0.5338804,1.0
18.805335600000003,0.6918804000000001,1.0
16.0593356,0.4398804,2.0
19.761335600000002,0.7918804,1.0
20.015335600000004,1.1938803999999998,1.0
19.935335600000002,1.0838803999999997,1.0
18.210335600000004,0.5138804,1.0
18.621335600000002,0.5708804,1.0
17.881335600000003,0.4818804,1.0
19.0163356,0.6898804000000001,1.0
18.392335600000003,0.5238804,1.0
19.998335600000004,0.8818804,1.0
19.589335600000002,0.8518804,1.0
19.6153356,0.8178804000000001,1.0
16.900335600000002,0.4558804,1.0
17.465335600000003,0.4488804,1.0
18.975335600000005,0.7518804,1.0
20.255335600000002,1.1948803999999997,1.0
19.7893356,0.8768804,1.0
18.8973356,0.6858804000000001,1.0
19.097335600000005,0.7948804,1.0
19.312335600000004,0.7058804,1.0
17.895335600000003,0.5328804,1.0
16.6273356,0.5038804,2.0
19.381335600000003,0.7308804,1.0
19.781335600000002,0.9398804000000001,1.0
19.191335600000002,0.7118804,1.0
17.253335600000003,0.4398804,1.0
19.137335600000004,0.6888804000000001,1.0
18.7983356,0.6538804,1.0
17.439335600000003,0.42188039999999993,1.0
16.2803356,0.5178804,2.0
19.599335600000003,0.9648804,1.0
18.061335600000003,0.5158804,1.0
18.786335600000005,0.5838804,1.0
17.593335600000003,0.5098804,1.0
19.669335600000004,0.8108804000000001,1.0
17.486335600000004,0.4928804,1.0
15.8483356,0.6478804,2.0
16.1993356,0.6308804,2.0
19.8853356,0.9458804,1.0
19.328335600000003,0.7008804,1.0
17.383335600000002,0.4528804,1.0
18.598335600000002,0.5988804,1.0
18.227335600000004,0.5408804,1.0
18.110335600000003,0.5628804000000001,1.0
16.4943356,0.4308804,2.0
19.129335600000005,0.7718804,1.0
17.374335600000002,0.46888040000000003,1.0
15.2373356,0.7068804,3.0
18.511335600000002,0.5988804,1.0
18.6643356,0.5388804,1.0
20.174335600000003,1.0268804,1.0
19.0833356,0.6958804,1.0
19.9173356,0.8128804000000001,1.0
19.674335600000003,0.8708804,1.0
17.531335600000002,0.4658804,1.0
19.318335600000005,0.7488804,1.0
19.697335600000002,0.8188804000000001,1.0
17.012335600000004,0.4498804,1.0
18.915335600000002,0.6798804,1.0
19.893335600000004,0.9328804,1.0
20.0543356,1.1088803999999999,1.0
19.840335600000003,0.8898804,1.0
19.8853356,0.7888804,1.0
17.011335600000002,0.42288040000000005,1.0
18.627335600000002,0.6058804,1.0
18.331335600000003,0.5988804,1.0
18.345335600000002,0.6038804,1.0
19.030335600000004,0.6308804,1.0
18.631335600000003,0.5788804,1.0
18.653335600000002,0.5678804000000001,1.0
17.7433356,0.5108804,1.0
18.9463356,0.6798804,1.0
18.066335600000002,0.5378804,1.0
18.130335600000002,0.4498804,1.0
18.738335600000003,0.5948804,1.0
18.903335600000002,0.6668804,1.0
18.943335600000005,0.6968804,1.0
19.060335600000002,0.6848804000000001,1.0
18.686335600000003,0.5838804,1.0
20.089335600000002,1.1578803999999998,1.0
19.5193356,0.7898804,1.0
18.678335600000004,0.5848804,1.0
19.585335600000004,0.8558804,1.0
16.5033356,0.5388804,2.0
18.279335600000003,0.6248804,1.0
17.543335600000002,0.4778804,1.0
13.9813356,-0.03711960000000003,4.0
18.505335600000002,0.6068804,1.0
18.467335600000002,0.6018804,1.0
19.057335600000002,0.7488804,1.0
15.0753356,0.7208804,3.0
18.903335600000002,0.6908804000000001,1.0
19.015335600000004,0.7168804,1.0
20.0713356,0.9168804,1.0
19.588335600000004,0.8198804,1.0
18.3043356,0.5318804,1.0
17.175335600000004,0.5008804,1.0
19.616335600000003,0.7538804,1.0
20.204335600000004,1.0048804,1.0
19.506335600000003,0.7818804,1.0
15.9783356,0.5108804,2.0
19.065335600000004,0.7818804,1.0
16.905335600000004,0.4578804,1.0
19.0453356,0.6058804,1.0
19.623335600000004,0.7788804,1.0
19.132335600000005,0.6318804,1.0
19.476335600000002,0.6758804,1.0
19.501335600000004,0.7648804,1.0
17.140335600000004,0.44388039999999995,1.0
18.467335600000002,0.5318804,1.0
19.421335600000003,0.7338804,1.0
19.279335600000003,0.8098804000000001,1.0
19.448335600000004,0.8288804,1.0
17.507335600000005,0.4818804,1.0
17.915335600000002,0.5248804,1.0
17.842335600000002,0.5068804,1.0
19.536335600000005,0.8468804,1.0
18.8593356,0.6668804,1.0
18.065335600000004,0.5358804,1.0
19.227335600000004,0.7548804,1.0
16.8013356,0.4888804,2.0
18.4203356,0.5908804,1.0
18.041335600000004,0.5048804,1.0
19.096335600000003,0.6548804,1.0
17.447335600000002,0.4408804,1.0
17.591335600000004,0.5068804,1.0
18.038335600000003,0.4978804,1.0
17.6353356,0.4788804,1.0
17.527335600000004,0.5008804,1.0
17.252335600000002,0.5058804,1.0
19.713335600000004,0.8398804,1.0
18.927335600000003,0.7058804,1.0
17.058335600000003,0.4728804,1.0
19.190335600000004,0.6938804000000001,1.0
18.543335600000002,0.6448804,1.0
19.121335600000002,0.6518804,1.0
17.6643356,0.5448804,1.0
18.694335600000002,0.6248804,1.0
19.6063356,0.8568804,1.0
18.883335600000002,0.6278804,1.0
17.756335600000003,0.5028804,1.0
16.875335600000003,0.4628804,1.0
17.311335600000003,0.3888804,1.0
19.354335600000002,0.7718804,1.0
17.770335600000003,0.5318804,1.0
17.098335600000002,0.4548804,1.0
17.520335600000003,0.4638804,1.0
16.5373356,0.6098804,2.0
17.346335600000003,0.4878804,1.0
19.015335600000004,0.6218804,1.0
18.893335600000004,0.6468804,1.0
18.262335600000004,0.5738804,1.0
19.7373356,0.9688804,1.0
18.306335600000004,0.5568804,1.0
18.9813356,0.6428804,1.0
19.912335600000002,0.9498804,1.0
18.936335600000003,0.7518804,1.0
19.765335600000004,0.9078804,1.0
17.120335600000004,0.47188040000000003,1.0
18.651335600000003,0.6588804,1.0
18.236335600000004,0.6018804,1.0
17.345335600000002,0.5428804,1.0
17.117335600000004,0.4528804,1.0
19.658335600000004,0.8088804,1.0
18.399335600000004,0.6258804,1.0
18.4903356,0.6248804,1.0
13.1233356,0.7608804,3.0
18.296335600000003,0.5578804,1.0
18.503335600000003,0.4948804,1.0
19.249335600000002,0.7778804,1.0
18.8593356,0.6838804,1.0
19.256335600000003,0.7728804,1.0
17.8973356,0.4568804,1.0
17.125335600000003,0.4548804,1.0
19.425335600000004,0.8118804000000001,1.0
19.680335600000003,0.7298804,1.0
17.226335600000002,0.5178804,1.0
19.0743356,0.6538804,1.0
17.8623356,0.4908804,1.0
19.090335600000003,0.6828804,1.0
16.872335600000003,0.4378804,1.0
17.005335600000002,0.46888040000000003,1.0
19.659335600000002,0.7378804,1.0
17.835335600000004,0.4628804,1.0
17.151335600000003,0.4278804,1.0
18.233335600000004,0.5978804,1.0
17.841335600000004,0.5398804,1.0
18.938335600000002,0.6908804000000001,1.0
17.307335600000002,0.5068804,1.0
17.751335600000004,0.47488040000000004,1.0
19.140335600000004,0.6298804,1.0
16.7543356,0.5038804,2.0
19.364335600000004,0.7268804,1.0
17.225335600000005,0.3778804,1.0
18.871335600000002,0.6518804,1.0
18.793335600000002,0.6338804,1.0
18.479335600000002,0.6198804,1.0
17.504335600000005,0.5218804,1.0
19.092335600000002,0.7558804,1.0
17.707335600000004,0.5378804,1.0
18.775335600000002,0.6398804,1.0
20.085335600000004,0.9908804,1.0
19.765335600000004,1.0428804,1.0
17.084335600000003,0.4498804,1.0
19.672335600000004,0.7858804,1.0
19.815335600000004,1.0308804,1.0
17.988335600000003,0.5198804,1.0
19.402335600000004,0.7458804,1.0
19.585335600000004,0.7368804,1.0
19.287335600000002,0.7798804,1.0
18.810335600000002,0.6318804,1.0
18.578335600000003,0.6608804,1.0
19.374335600000002,0.8038804,1.0
16.6363356,0.4838804,2.0
19.7283356,0.7548804,1.0
18.089335600000002,0.5738804,1.0
18.858335600000004,0.7038804,1.0
18.648335600000003,0.5848804,1.0
13.1793356,0.7828804,3.0
19.499335600000002,0.8868804,1.0
17.4783356,0.5148804,1.0
17.582335600000004,0.4908804,1.0
18.7403356,0.6628804,1.0
17.025335600000002,0.4478804,1.0
16.1893356,0.6388804,2.0
17.507335600000005,0.5138804,1.0
18.776335600000003,0.6508804,1.0
18.983335600000004,0.5888804,1.0
18.605335600000004,0.6558804,1.0
19.6383356,0.8018804,1.0
18.746335600000002,0.6338804,1.0
17.393335600000004,0.4778804,1.0
17.941335600000002,0.5318804,1.0
19.724335600000003,0.8768804,1.0
19.645335600000003,0.8508804,1.0
19.082335600000004,0.6888804000000001,1.0
17.072335600000002,0.4668804000000001,1.0
17.9203356,0.5078804,1.0
17.404335600000003,0.5148804,1.0
19.2113356,0.8208804,1.0
19.041335600000004,0.7628804,1.0
16.5663356,0.4328804,2.0
18.311335600000003,0.4858804,1.0
18.354335600000002,0.5688804000000001,1.0
16.3313356,0.4668804000000001,2.0
17.3213356,0.4868804,1.0
18.621335600000002,0.6698804,1.0
18.2953356,0.4968804,1.0
18.722335600000005,0.6078804,1.0
19.160335600000003,0.6778804,1.0
18.2313356,0.5898804,1.0
18.748335600000004,0.7078804,1.0
17.939335600000003,0.4758804,1.0
19.169335600000004,0.6878804000000001,1.0
19.183335600000003,0.6738804,1.0
18.107335600000003,0.46788040000000003,1.0
15.9433356,0.6588804,2.0
17.619335600000003,0.5488804,1.0
20.2403356,1.1098803999999998,1.0
18.906335600000002,0.6398804,1.0
16.2713356,0.6228804,2.0
18.534335600000002,0.5668804000000001,1.0
16.4323356,0.5778804,2.0
17.244335600000003,0.4998804,1.0
18.576335600000004,0.5238804,1.0
19.369335600000003,0.6618804,1.0
18.882335600000005,0.6238804,1.0
19.319335600000002,0.8348804,1.0
18.227335600000004,0.5088804,1.0
17.280335600000004,0.4478804,1.0
17.136335600000002,0.4948804,1.0
19.930335600000003,0.8348804,1.0
17.852335600000004,0.5158804,1.0
19.005335600000002,0.6408804,1.0
19.872335600000003,0.8418804,1.0
19.608335600000004,0.9478804,1.0
16.841335600000004,0.5298804,2.0
18.764335600000003,0.7038804,1.0
18.7373356,0.5798804,1.0
18.661335600000005,0.6088804,1.0
15.0943356,0.7008804,3.0
18.849335600000003,0.5708804,1.0
19.528335600000002,0.8118804000000001,1.0
19.558335600000003,0.9408804000000001,1.0
19.642335600000003,0.8778804,1.0
18.561335600000003,0.5788804,1.0
18.7633356,0.6518804,1.0
18.475335600000005,0.6018804,1.0
18.105335600000004,0.5658804000000001,1.0
18.323335600000004,0.5578804,1.0
19.8563356,0.9848804,1.0
18.313335600000002,0.5578804,1.0
20.0833356,1.1778803999999998,1.0
19.689335600000003,0.8128804000000001,1.0
19.496335600000002,0.7568804,1.0
18.783335600000004,0.5868804,1.0
19.326335600000004,0.7778804,1.0
17.7893356,0.5198804,1.0
18.163335600000003,0.5728804,1.0
14.3283356,-0.04811960000000004,4.0
18.820335600000003,0.6238804,1.0
18.142335600000003,0.5358804,1.0
18.214335600000002,0.5368804,1.0
17.473335600000002,0.5168804,1.0
18.435335600000002,0.5578804,1.0
19.412335600000002,0.7418804,1.0
18.317335600000003,0.5948804,1.0
17.622335600000003,0.4938804,1.0
19.721335600000003,0.8078804,1.0
18.716335600000004,0.6968804,1.0
18.108335600000004,0.5678804000000001,1.0
19.089335600000002,0.7378804,1.0
19.364335600000004,0.7908804,1.0
18.654335600000003,0.6598804,1.0
19.2953356,0.7308804,1.0
19.300335600000004,0.8548804,1.0
19.520335600000003,0.7798804,1.0
18.747335600000003,0.6248804,1.0
19.003335600000003,0.6978804,1.0
18.216335600000004,0.5648804000000001,1.0
18.1353356,0.5568804,1.0
18.262335600000004,0.5088804,1.0
19.621335600000002,0.9468804,1.0
18.310335600000002,0.5188804,1.0
17.846335600000003,0.5338804,1.0
19.810335600000002,0.9658804,1.0
17.500335600000003,0.4868804,1.0
18.000335600000003,0.5548804,1.0
19.030335600000004,0.7208804,1.0
20.032335600000003,0.9448804,1.0
17.317335600000003,0.4668804000000001,1.0
19.425335600000004,0.8178804000000001,1.0
16.0513356,0.6218804,2.0
20.223335600000002,1.0818803999999997,1.0
17.893335600000004,0.5498804,1.0
19.750335600000003,0.8388804,1.0
20.117335600000004,1.1778803999999998,1.0
19.056335600000004,0.6518804,1.0
18.5193356,0.6238804,1.0
19.180335600000003,0.7458804,1.0
19.261335600000002,0.7378804,1.0
19.197335600000002,0.6928804000000001,1.0
19.593335600000003,0.8138804000000001,1.0
16.4913356,0.4898804,2.0
18.8593356,0.7198804,1.0
20.068335600000005,1.0418804,1.0
17.370335600000004,0.4648804,1.0
19.5193356,0.8258804,1.0
18.680335600000003,0.6438804,1.0
17.860335600000003,0.5358804,1.0
20.002335600000002,1.0548803999999998,1.0
17.7403356,0.5108804,1.0
18.475335600000005,0.5308804,1.0
18.483335600000004,0.6188804,1.0
18.123335600000004,0.5178804,1.0
17.996335600000002,0.5508804,1.0
19.1063356,0.7518804,1.0
14.5733356,-0.10511959999999998,4.0
20.046335600000003,0.8908804,1.0
19.932335600000002,0.8998804,1.0
19.7283356,0.9608804,1.0
17.453335600000003,0.4978804,1.0
19.424335600000003,0.7478804,1.0
18.387335600000004,0.5088804,1.0
19.988335600000003,1.1428804,1.0
18.2953356,0.5038804,1.0
19.526335600000003,0.9268804,1.0
18.537335600000002,0.6628804,1.0
14.4073356,-0.17711960000000004,4.0
19.976335600000002,0.8668804,1.0
16.5763356,0.4858804,2.0
18.564335600000003,0.5368804,1.0
19.126335600000004,0.7858804,1.0
15.9703356,0.6598804,2.0
17.076335600000004,0.42988040000000005,1.0
18.187335600000004,0.4938804,1.0
19.623335600000004,0.7698804,1.0
19.204335600000004,0.7198804,1.0
18.087335600000003,0.5348804,1.0
19.3623356,0.7898804,1.0
17.692335600000003,0.5098804,1.0
18.531335600000002,0.5548804,1.0
17.245335600000004,0.4728804,1.0
19.418335600000002,0.8438804,1.0
18.287335600000002,0.6128804,1.0
19.531335600000002,0.8758804,1.0
17.943335600000005,0.5138804,1.0
17.6443356,0.5388804,1.0
18.159335600000002,0.4818804,1.0
18.658335600000004,0.6218804,1.0
18.742335600000004,0.5938804,1.0
18.959335600000003,0.6568804,1.0
18.169335600000004,0.5818804,1.0
18.9233356,0.7328804,1.0
12.194335600000002,0.8868804,3.0
18.637335600000004,0.6528804,1.0
18.962335600000003,0.6928804000000001,1.0
17.4263356,0.4408804,1.0
19.203335600000003,0.6498804,1.0
18.9553356,0.5738804,1.0
18.108335600000004,0.5748804,1.0
18.910335600000003,0.6588804,1.0
19.378335600000003,0.6678804,1.0
18.7343356,0.6038804,1.0
18.762335600000004,0.6748804,1.0
18.380335600000002,0.5978804,1.0
16.873335600000004,0.45188040000000007,1.0
14.9663356,0.7368804,3.0
20.152335600000004,1.0868803999999999,1.0
17.7893356,0.47188040000000003,1.0
19.288335600000003,0.6658804,1.0
16.7443356,0.40788040000000003,2.0
18.483335600000004,0.5738804,1.0
19.201335600000004,0.7658804,1.0
19.0863356,0.6768804,1.0
17.094335600000004,0.3908804,1.0
16.927335600000003,0.4578804,1.0
18.686335600000003,0.6668804,1.0
18.198335600000004,0.5538804,1.0
19.666335600000004,0.9548804,1.0
19.474335600000003,0.7918804,1.0
17.741335600000003,0.5248804,1.0
17.347335600000005,0.46988040000000003,1.0
19.753335600000003,0.7748804,1.0
17.930335600000003,0.5138804,1.0
17.682335600000002,0.4308804,1.0
19.508335600000002,0.8768804,1.0
17.716335600000004,0.4598804,1.0
19.485335600000003,0.7348804,1.0
18.0133356,0.5248804,1.0
18.904335600000003,0.6428804,1.0
17.067335600000003,0.3758804,1.0
18.951335600000004,0.5878804,1.0
17.500335600000003,0.4898804,1.0
18.318335600000005,0.5198804,1.0
16.4063356,0.4358804,2.0
18.716335600000004,0.6298804,1.0
19.518335600000004,0.8218804,1.0
18.078335600000003,0.5078804,1.0
16.963335600000004,0.44388039999999995,1.0
18.0423356,0.5678804000000001,1.0
16.790335600000002,0.46788040000000003,2.0
18.812335600000004,0.7258804,1.0
18.5513356,0.6288804,1.0
18.2983356,0.5648804000000001,1.0
18.253335600000003,0.5458804,1.0
16.849335600000003,0.4628804,2.0
19.403335600000002,0.8538804,1.0
17.9463356,0.4828804,1.0
19.896335600000004,0.8318804,1.0
17.034335600000002,0.4668804000000001,1.0
19.161335600000005,0.8088804,1.0
18.496335600000002,0.6008804,1.0
17.587335600000003,0.4628804,1.0
19.0513356,0.7088804,1.0
19.561335600000003,0.7548804,1.0
19.598335600000002,0.8028804,1.0
18.363335600000003,0.5238804,1.0
17.146335600000004,0.5108804,1.0
19.119335600000003,0.6318804,1.0
19.029335600000003,0.5868804,1.0
18.896335600000004,0.6138804,1.0
19.496335600000002,0.7818804,1.0
18.322335600000002,0.5838804,1.0
18.134335600000004,0.5538804,1.0
19.7723356,0.8658804,1.0
17.875335600000003,0.5368804,1.0
19.055335600000003,0.7098804,1.0
18.4583356,0.6358804,1.0
16.6943356,0.4338804,2.0
17.850335600000005,0.4888804,1.0
18.514335600000003,0.6378804,1.0
19.034335600000002,0.7818804,1.0
19.0743356,0.6818804,1.0
18.4903356,0.5218804,1.0
16.944335600000002,0.4878804,1.0
19.213335600000004,0.6968804,1.0
19.892335600000003,0.8648804,1.0
16.4213356,0.5298804,2.0
17.142335600000003,0.5028804,1.0
18.9143356,0.6188804,1.0
17.9933356,0.4758804,1.0
18.457335600000004,0.6178804,1.0
19.875335600000003,0.8028804,1.0
16.907335600000003,0.4458804,1.0
17.847335600000005,0.5398804,1.0
18.517335600000003,0.6498804,1.0
16.4383356,0.4658804,2.0
17.132335600000005,0.4608804,1.0
18.274335600000004,0.5578804,1.0
17.677335600000003,0.4888804,1.0
19.701335600000004,0.9218804,1.0
17.5803356,0.47088040000000003,1.0
19.223335600000002,0.7638804,1.0
17.432335600000002,0.4668804000000001,1.0
18.905335600000004,0.7358804,1.0
17.843335600000003,0.5488804,1.0
18.935335600000002,0.6588804,1.0
16.6463356,0.5018804,2.0
20.021335600000004,0.9378804000000001,1.0
18.816335600000002,0.6658804,1.0
17.6123356,0.4758804,1.0
19.4583356,0.7428804,1.0
13.8183356,0.07288039999999996,4.0
19.943335600000005,0.8288804,1.0
19.014335600000003,0.6658804,1.0
19.7373356,1.0438804,1.0
18.632335600000005,0.6218804,1.0
18.9553356,0.6318804,1.0
19.649335600000004,0.8198804,1.0
17.640335600000004,0.5368804,1.0
18.157335600000003,0.4938804,1.0
18.582335600000004,0.6358804,1.0
16.9873356,0.4328804,1.0
18.882335600000005,0.6318804,1.0
20.036335600000005,0.9758804,1.0
19.057335600000002,0.7658804,1.0
19.1353356,0.6608804,1.0
19.701335600000004,0.7598804,1.0
18.6123356,0.6028804,1.0
18.694335600000002,0.6208804,1.0
18.695335600000003,0.6578804,1.0
19.876335600000004,0.8918804,1.0
18.901335600000003,0.6268804,1.0
18.465335600000003,0.5108804,1.0
17.504335600000005,0.4808804,1.0
17.233335600000004,0.5058804,1.0
18.160335600000003,0.5808804,1.0
19.962335600000003,0.8468804,1.0
19.9813356,0.8638804,1.0
17.127335600000002,0.4778804,1.0
16.1893356,0.6008804,2.0
18.915335600000002,0.7488804,1.0
19.474335600000003,0.6838804,1.0
17.902335600000004,0.4958804,1.0
18.444335600000002,0.5588804,1.0
17.105335600000004,0.4408804,1.0
17.344335600000004,0.4538804,1.0
18.306335600000004,0.6308804,1.0
17.181335600000004,0.4738804000000001,1.0
20.101335600000002,1.1418803999999998,1.0
17.648335600000003,0.46888040000000003,1.0
16.924335600000003,0.4418804,1.0
19.936335600000003,1.0078804,1.0
19.2663356,0.7738804,1.0
18.907335600000003,0.6408804,1.0
15.6403356,0.5908804,3.0
17.757335600000005,0.41588040000000004,1.0
17.3883356,0.4988804,1.0
19.443335600000005,0.7108804,1.0
18.873335600000004,0.5708804,1.0
18.209335600000003,0.5608804000000001,1.0
17.590335600000003,0.4858804,1.0
17.598335600000002,0.4988804,1.0
19.0803356,0.7088804,1.0
17.605335600000004,0.4458804,1.0
16.805335600000003,0.4388804,2.0
18.2723356,0.5418804,1.0
19.2283356,0.7498804,1.0
19.154335600000003,0.7458804,1.0
18.706335600000003,0.6278804,1.0
18.808335600000003,0.6508804,1.0
18.294335600000004,0.5788804,1.0
16.7693356,0.5108804,2.0
18.129335600000005,0.5948804,1.0
19.7923356,0.9038804,1.0
18.825335600000003,0.6638804,1.0
20.084335600000003,1.1338803999999998,1.0
17.797335600000004,0.5008804,1.0
20.177335600000003,1.0698803999999997,1.0
18.094335600000004,0.5428804,1.0
17.465335600000003,0.4558804,1.0
18.442335600000003,0.5228804,1.0
18.382335600000005,0.5948804,1.0
17.9903356,0.5288804,1.0
18.940335600000004,0.6228804,1.0
18.630335600000002,0.6358804,1.0
17.398335600000003,0.4778804,1.0
16.7263356,0.43688039999999995,2.0
20.037335600000002,0.9698804,1.0
17.0453356,0.4818804,1.0
18.252335600000002,0.5558804,1.0
16.932335600000002,0.5138804,1.0
18.903335600000002,0.6218804,1.0
19.942335600000003,0.9098804,1.0
19.284335600000002,0.7818804,1.0
17.685335600000002,0.5148804,1.0
17.1673356,0.5238804,1.0
19.4813356,0.7748804,1.0
15.9033356,0.5928804,2.0
18.0543356,0.5028804,1.0
19.4613356,0.7198804,1.0
17.313335600000002,0.47188040000000003,1.0
19.6703356,0.8168804000000001,1.0
18.896335600000004,0.6848804000000001,1.0
19.008335600000002,0.6958804,1.0
17.326335600000004,0.4788804,1.0
18.9203356,0.7478804,1.0
19.143335600000004,0.6158804,1.0
19.927335600000003,0.9608804,1.0
15.501335599999999,0.7038804,3.0
17.5223356,0.5048804,1.0
18.154335600000003,0.5598804000000001,1.0
19.128335600000003,0.6668804,1.0
16.873335600000004,0.47488040000000004,1.0
19.931335600000004,0.8978804,1.0
17.1733356,0.4778804,1.0
18.518335600000004,0.5878804,1.0
18.601335600000002,0.5818804,1.0
18.152335600000004,0.5038804,1.0
19.209335600000003,0.6608804,1.0
18.409335600000002,0.6368804,1.0
14.3713356,0.6918804000000001,3.0
18.956335600000003,0.6528804,1.0
19.015335600000004,0.7278804,1.0
18.3563356,0.6048804,1.0
17.168335600000002,0.40988040000000003,1.0
17.407335600000003,0.4898804,1.0
20.209335600000003,1.0608803999999998,1.0
18.0483356,0.5318804,1.0
18.462335600000003,0.5028804,1.0
16.860335600000003,0.4968804,2.0
17.754335600000005,0.4358804,1.0
17.555335600000003,0.5318804,1.0
17.563335600000002,0.4558804,1.0
18.6063356,0.6218804,1.0
18.184335600000004,0.6098804,1.0
18.991335600000003,0.6428804,1.0
19.032335600000003,0.6608804,1.0
16.7513356,0.4378804,2.0
19.686335600000003,0.7518804,1.0
19.287335600000002,0.7988804,1.0
20.133335600000002,1.0788803999999999,1.0
18.706335600000003,0.6588804,1.0
19.337335600000003,0.7358804,1.0
18.6733356,0.6708804,1.0
17.290335600000002,0.3938804,1.0
20.1093356,1.0978803999999998,1.0
18.628335600000003,0.5718804,1.0
18.303335600000004,0.5338804,1.0
19.935335600000002,0.9078804,1.0
18.852335600000004,0.5528804,1.0
18.262335600000004,0.5648804000000001,1.0
19.813335600000002,0.8938804,1.0
18.919335600000004,0.6448804,1.0
16.9173356,0.46788040000000003,1.0
18.361335600000004,0.4998804,1.0
17.687335600000004,0.4198804,1.0
19.3623356,0.8178804000000001,1.0
17.890335600000004,0.5158804,1.0
18.457335600000004,0.5288804,1.0
18.463335600000004,0.5668804000000001,1.0
19.450335600000003,0.8058804,1.0
19.165335600000002,0.7408804,1.0
18.567335600000003,0.5798804,1.0
18.8623356,0.6898804000000001,1.0
18.9813356,0.6528804,1.0
16.6633356,0.4148803999999999,2.0
17.472335600000005,0.5278804,1.0
16.3143356,0.5428804,2.0
18.3883356,0.5878804,1.0
18.5393356,0.5808804,1.0
19.431335600000004,0.7058804,1.0
19.963335600000004,0.9178804,1.0
18.444335600000002,0.6308804,1.0
18.238335600000003,0.5708804,1.0
19.350335600000005,0.7548804,1.0
17.1763356,0.44488040000000006,1.0
19.399335600000004,0.7418804,1.0
19.6443356,0.9268804,1.0
17.3943356,0.4598804,1.0
19.814335600000003,0.8838804,1.0
18.372335600000003,0.5738804,1.0
16.7533356,0.4848804,2.0
18.901335600000003,0.6378804,1.0
20.073335600000004,0.9898804,1.0
16.1683356,0.5448804,2.0
17.807335600000002,0.5038804,1.0
16.6133356,0.46788040000000003,2.0
15.1793356,0.7148804,3.0
20.056335600000004,1.0438804,1.0
18.1413356,0.5618804000000001,1.0
17.831335600000003,0.4168804,1.0
17.674335600000003,0.41088040000000003,1.0
18.600335600000005,0.6628804,1.0
19.632335600000005,0.8038804,1.0
16.5473356,0.4858804,2.0
20.201335600000004,1.0918803999999998,1.0
19.1123356,0.6008804,1.0
18.776335600000003,0.6698804,1.0
19.495335600000004,0.7968804,1.0
17.808335600000003,0.41588040000000004,1.0
19.422335600000004,0.8118804000000001,1.0
19.082335600000004,0.6578804,1.0
18.270335600000003,0.5688804000000001,1.0
19.941335600000002,0.8408804,1.0
19.1793356,0.7858804,1.0
18.890335600000004,0.6788804,1.0
19.111335600000004,0.7698804,1.0
16.797335600000004,0.4848804,2.0
19.598335600000002,0.8288804,1.0
19.870335600000004,1.0618803999999997,1.0
16.7603356,0.4888804,2.0
19.320335600000003,0.7658804,1.0
18.057335600000002,0.5048804,1.0
19.2603356,0.7098804,1.0
18.753335600000003,0.6178804,1.0
18.067335600000003,0.5628804000000001,1.0
17.840335600000003,0.4978804,1.0
18.3563356,0.6128804,1.0
18.9553356,0.5758804,1.0
19.046335600000003,0.7348804,1.0
18.533335600000004,0.6168804,1.0
17.6963356,0.5138804,1.0
16.953335600000003,0.4818804,1.0
19.349335600000003,0.7688804,1.0
18.982335600000003,0.6318804,1.0
19.6703356,0.7388804,1.0
18.511335600000002,0.6028804,1.0
19.662335600000002,0.8768804,1.0
18.943335600000005,0.6718804,1.0
19.134335600000004,0.8018804,1.0
18.313335600000002,0.4958804,1.0
18.4523356,0.5868804,1.0
17.966335600000004,0.5098804,1.0
17.6033356,0.46888040000000003,1.0
19.504335600000005,0.7238804,1.0
18.900335600000002,0.6418804,1.0
18.7633356,0.6918804000000001,1.0
20.004335600000005,0.8428804,1.0
19.921335600000003,0.8578804,1.0
17.067335600000003,0.3978804,1.0
17.471335600000003,0.45188040000000007,1.0
18.536335600000005,0.5718804,1.0
20.1353356,0.9898804,1.0
19.632335600000005,0.8048804,1.0
17.203335600000003,0.4908804,1.0
17.741335600000003,0.5128804,1.0
19.028335600000002,0.6738804,1.0
20.178335600000004,1.1278803999999998,1.0
17.799335600000003,0.47488040000000004,1.0
20.128335600000003,0.9268804,1.0
19.7953356,0.8918804,1.0
19.523335600000003,0.8398804,1.0
18.935335600000002,0.7058804,1.0
19.1763356,0.7058804,1.0
19.1123356,0.7668804,1.0
19.758335600000002,0.8618804,1.0
16.4763356,0.5208804,2.0
19.879335600000005,0.8908804,1.0
15.8833356,0.5728804,2.0
19.090335600000003,0.7418804,1.0
19.470335600000002,0.8798804,1.0
18.534335600000002,0.5158804,1.0
17.065335600000004,0.4968804,1.0
17.070335600000003,0.5238804,1.0
19.1063356,0.6918804000000001,1.0
17.261335600000002,0.47188040000000003,1.0
18.968335600000003,0.7108804,1.0
19.7723356,1.0208804,1.0
18.646335600000004,0.6108804,1.0
19.172335600000004,0.6808804,1.0
19.937335600000004,0.9228804,1.0
18.6093356,0.5978804,1.0
18.892335600000003,0.6458804,1.0
18.799335600000003,0.6918804000000001,1.0
19.462335600000003,0.6888804000000001,1.0
18.189335600000003,0.5768804,1.0
18.624335600000002,0.6208804,1.0
19.540335600000002,0.7108804,1.0
18.594335600000004,0.5608804000000001,1.0
18.599335600000003,0.6528804,1.0
18.169335600000004,0.5538804,1.0
16.5733356,0.5528804,2.0
18.626335600000004,0.5598804000000001,1.0
20.0833356,0.9978804,1.0
19.999335600000002,0.9028804,1.0
19.178335600000004,0.8048804,1.0
17.976335600000002,0.5158804,1.0
17.904335600000003,0.5278804,1.0
17.971335600000003,0.5048804,1.0
19.218335600000003,0.7768804,1.0
19.2633356,0.7258804,1.0
19.608335600000004,0.7848804,1.0
17.402335600000004,0.4858804,1.0
19.0193356,0.6948804,1.0
17.329335600000004,0.40988040000000003,1.0
19.105335600000004,0.7428804,1.0
18.101335600000002,0.5128804,1.0
13.5813356,0.20188039999999996,2.0
18.407335600000003,0.5238804,1.0
18.372335600000003,0.4828804,1.0
18.714335600000002,0.6948804,1.0
16.6003356,0.5028804,2.0
17.131335600000003,0.4638804,1.0
19.046335600000003,0.6328804,1.0
18.916335600000004,0.6158804,1.0
18.486335600000004,0.6118804,1.0
18.843335600000003,0.5798804,1.0
18.531335600000002,0.6328804,1.0
16.7213356,0.4528804,2.0
17.691335600000002,0.4828804,1.0
19.251335600000004,0.7238804,1.0
16.5163356,0.42288040000000005,2.0
17.191335600000002,0.41588040000000004,1.0
17.1123356,0.4628804,1.0
16.5473356,0.5098804,2.0
19.3563356,0.6828804,1.0
18.549335600000003,0.5998804,1.0
18.942335600000003,0.6468804,1.0
19.015335600000004,0.7548804,1.0
18.799335600000003,0.6918804000000001,1.0
19.172335600000004,0.7858804,1.0
18.741335600000003,0.6118804,1.0
19.084335600000003,0.7038804,1.0
19.124335600000002,0.6848804000000001,1.0
17.017335600000003,0.4208804,1.0
17.985335600000003,0.5578804,1.0
19.3973356,0.7958804,1.0
18.786335600000005,0.6408804,1.0
19.6183356,0.7748804,1.0
19.4523356,0.8108804000000001,1.0
17.253335600000003,0.4428804,1.0
17.0483356,0.3968804,1.0
17.625335600000003,0.42188039999999993,1.0
19.294335600000004,0.8308804,1.0
20.012335600000004,0.8898804,1.0
18.242335600000004,0.5548804,1.0
18.585335600000004,0.6178804,1.0
18.082335600000004,0.5588804,1.0
19.154335600000003,0.6478804,1.0
19.1763356,0.8138804000000001,1.0
17.9813356,0.4538804,1.0
18.440335600000004,0.6468804,1.0
19.954335600000004,0.8458804,1.0
16.924335600000003,0.4948804,1.0
18.950335600000003,0.6848804000000001,1.0
18.599335600000003,0.6168804,1.0
18.209335600000003,0.5318804,1.0
19.861335600000004,0.9108804,1.0
16.861335600000004,0.4418804,2.0
20.183335600000003,1.1108803999999999,1.0
17.371335600000002,0.45888039999999997,1.0
16.837335600000003,0.5028804,2.0
18.344335600000004,0.5548804,1.0
19.843335600000003,0.7998804,1.0
18.595335600000002,0.6128804,1.0
18.671335600000003,0.6028804,1.0
18.378335600000003,0.6328804,1.0
18.898335600000003,0.7278804,1.0
17.966335600000004,0.5118804,1.0
18.692335600000003,0.6438804,1.0
19.749335600000002,0.9408804000000001,1.0
17.469335600000004,0.5078804,1.0
18.814335600000003,0.7058804,1.0
18.650335600000002,0.5788804,1.0
17.213335600000004,0.3918804,1.0
18.7083356,0.5818804,1.0
19.922335600000004,0.9208804,1.0
18.863335600000003,0.6128804,1.0
18.3013356,0.5038804,1.0
16.3893356,0.5398804,2.0
17.604335600000002,0.5128804,1.0
18.062335600000004,0.5318804,1.0
18.871335600000002,0.5638804000000001,1.0
18.687335600000004,0.5868804,1.0
19.857335600000003,1.0348804,1.0
19.070335600000003,0.6968804,1.0
19.047335600000004,0.6928804000000001,1.0
16.5233356,0.4848804,2.0
18.585335600000004,0.6288804,1.0
19.722335600000005,0.8348804,1.0
18.473335600000002,0.6088804,1.0
19.1793356,0.7218804,1.0
17.508335600000002,0.4818804,1.0
17.786335600000005,0.4878804,1.0
17.730335600000004,0.5018804,1.0
17.2603356,0.4818804,1.0
16.811335600000003,0.4818804,2.0
18.419335600000004,0.5738804,1.0
18.931335600000004,0.7558804,1.0
18.6063356,0.5658804000000001,1.0
19.558335600000003,0.7678804,1.0
19.6473356,0.8628804,1.0
18.314335600000003,0.5428804,1.0
19.3013356,0.7778804,1.0
19.845335600000002,0.8928804,1.0
19.291335600000004,0.7538804,1.0
18.3043356,0.5208804,1.0
18.971335600000003,0.6718804,1.0
18.521335600000004,0.5968804,1.0
16.4493356,0.4468804,2.0
18.122335600000003,0.5068804,1.0
19.172335600000004,0.7408804,1.0
16.5363356,0.5738804,2.0
16.5033356,0.4528804,2.0
19.230335600000004,0.6848804000000001,1.0
17.657335600000003,0.4928804,1.0
19.139335600000003,0.7348804,1.0
18.729335600000002,0.6768804,1.0
18.2373356,0.4988804,1.0
15.9383356,0.6318804,2.0
19.570335600000003,0.7068804,1.0
17.866335600000003,0.5608804000000001,1.0
19.992335600000004,0.8728804,1.0
18.066335600000002,0.5138804,1.0
18.6093356,0.6328804,1.0
18.277335600000004,0.5508804,1.0
18.445335600000003,0.5578804,1.0
18.281335600000002,0.6178804,1.0
17.5423356,0.40988040000000003,1.0
16.7733356,0.4668804000000001,2.0
19.986335600000004,1.0228804,1.0
20.0863356,0.9188804,1.0
17.099335600000003,0.4358804,1.0
19.061335600000003,0.6608804,1.0
18.520335600000003,0.5538804,1.0
17.273335600000003,0.40788040000000003,1.0
17.6763356,0.46988040000000003,1.0
19.3303356,0.7558804,1.0
17.218335600000003,0.4398804,1.0
20.032335600000003,0.9158804,1.0
18.1413356,0.4988804,1.0
18.320335600000003,0.6168804,1.0
17.9293356,0.5418804,1.0
16.7593356,0.4908804,2.0
19.376335600000004,0.8108804000000001,1.0
17.402335600000004,0.4338804,1.0
19.0773356,0.6798804,1.0
18.500335600000003,0.5378804,1.0
18.159335600000002,0.5538804,1.0
16.814335600000003,0.4248804,2.0
19.654335600000003,0.7968804,1.0
16.944335600000002,0.46788040000000003,1.0
18.4613356,0.5948804,1.0
18.0713356,0.5848804,1.0
18.880335600000002,0.7158804,1.0
14.5333356,-0.11011959999999987,4.0
19.172335600000004,0.7578804,1.0
19.005335600000002,0.5908804,1.0
19.822335600000002,0.9498804,1.0
19.224335600000003,0.8368804,1.0
19.148335600000003,0.6748804,1.0
16.6753356,0.47188040000000003,2.0
17.453335600000003,0.4558804,1.0
18.497335600000003,0.5508804,1.0
17.084335600000003,0.3888804,1.0
17.726335600000002,0.5168804,1.0
19.730335600000004,0.9858803999999999,1.0
17.320335600000003,0.4188804,1.0
16.7603356,0.5158804,2.0
19.7113356,0.7708804,1.0
19.056335600000004,0.7248804,1.0
18.950335600000003,0.7278804,1.0
18.849335600000003,0.6608804,1.0
17.756335600000003,0.5188804,1.0
18.937335600000004,0.6698804,1.0
20.221335600000003,1.1138803999999998,1.0
18.117335600000004,0.5788804,1.0
17.714335600000002,0.5258804,1.0
19.972335600000005,0.9738804,1.0
18.2633356,0.5858804,1.0
18.239335600000004,0.47488040000000004,1.0
17.187335600000004,0.44388039999999995,1.0
19.440335600000004,0.7648804,1.0
13.1743356,0.7778804,3.0
19.079335600000004,0.7368804,1.0
18.405335600000004,0.5488804,1.0
17.776335600000003,0.4878804,1.0
20.100335600000005,0.9048804,1.0
18.532335600000003,0.6588804,1.0
19.837335600000003,0.8508804,1.0
19.751335600000004,0.7948804,1.0
17.4933356,0.4828804,1.0
19.352335600000004,0.7698804,1.0
17.1093356,0.5008804,1.0
19.930335600000003,1.0118804,1.0
18.222335600000005,0.5418804,1.0
18.7723356,0.6318804,1.0
16.6373356,0.47088040000000003,2.0
18.345335600000002,0.6218804,1.0
18.8653356,0.7388804,1.0
18.174335600000003,0.5428804,1.0
19.402335600000004,0.6648804,1.0
17.451335600000004,0.5068804,1.0
16.967335600000002,0.4598804,1.0
19.081335600000003,0.6688804,1.0
19.169335600000004,0.6718804,1.0
19.149335600000004,0.6958804,1.0
19.424335600000003,0.7418804,1.0
17.204335600000004,0.4658804,1.0
20.057335600000002,1.1288804,1.0
18.562335600000004,0.6528804,1.0
14.6643356,0.7128804,3.0
16.992335600000004,0.4628804,1.0
19.123335600000004,0.6788804,1.0
15.7203356,0.7408804,3.0
19.1353356,0.7418804,1.0
19.943335600000005,0.8628804,1.0
20.094335600000004,0.9198804,1.0
16.1103356,0.6748804,2.0
18.221335600000003,0.5548804,1.0
17.675335600000004,0.4558804,1.0
18.969335600000004,0.6288804,1.0
20.044335600000004,0.9358804000000001,1.0
18.028335600000002,0.5568804,1.0
18.912335600000002,0.6188804,1.0
15.0223356,0.7608804,3.0
19.038335600000003,0.7298804,1.0
19.678335600000004,0.9428804000000001,1.0
19.025335600000002,0.6198804,1.0
16.9293356,0.5178804,1.0
18.422335600000004,0.6148804,1.0
18.341335600000004,0.6088804,1.0
18.422335600000004,0.5328804,1.0
16.829335600000004,0.4768804,2.0
19.248335600000004,0.7088804,1.0
19.779335600000003,0.9218804,1.0
17.3043356,0.4888804,1.0
19.906335600000002,0.9358804000000001,1.0
19.720335600000002,0.9118804,1.0
17.4783356,0.4798804,1.0
18.607335600000003,0.6228804,1.0
18.275335600000002,0.5788804,1.0
18.361335600000004,0.5728804,1.0
18.988335600000003,0.6988804,1.0
18.601335600000002,0.5888804,1.0
19.310335600000002,0.7368804,1.0
18.313335600000002,0.6268804,1.0
18.036335600000005,0.5328804,1.0
18.5803356,0.5508804,1.0
17.934335600000004,0.4798804,1.0
18.9583356,0.7308804,1.0
20.0803356,0.8908804,1.0
18.6063356,0.5968804,1.0
18.0543356,0.4728804,1.0
18.533335600000004,0.6228804,1.0
20.059335600000004,1.1718803999999998,1.0
17.943335600000005,0.5348804,1.0
19.055335600000003,0.6678804,1.0
18.902335600000004,0.6648804,1.0
18.236335600000004,0.5828804,1.0
20.163335600000003,0.9868804,1.0
17.174335600000003,0.47488040000000004,1.0
18.532335600000003,0.5168804,1.0
19.377335600000002,0.7138804,1.0
19.127335600000002,0.6418804,1.0
17.373335600000004,0.5008804,1.0
19.5423356,0.7088804,1.0
19.283335600000004,0.7068804,1.0
17.028335600000002,0.47488040000000004,1.0
19.632335600000005,0.7478804,1.0
16.2033356,0.5628804000000001,2.0
20.017335600000003,0.9818804,1.0
19.4463356,0.7088804,1.0
